round,client,attack,seed,alpha,num_byzantine,train_accuracy
1,0,none,1,0.5,0,0.10059931506849315
1,1,none,1,0.5,0,0.10349264705882352
1,2,none,1,0.5,0,0.09635416666666667
1,3,none,1,0.5,0,0.10357142857142858
1,4,none,1,0.5,0,0.07981418918918919
1,5,none,1,0.5,0,0.08453947368421053
1,6,none,1,0.5,0,0.10431338028169014
1,7,none,1,0.5,0,0.09136284722222222
1,8,none,1,0.5,0,0.07954545454545454
1,9,none,1,0.5,0,0.08902616279069768
2,0,none,1,0.5,0,0.13356164383561644
2,1,none,1,0.5,0,0.17113970588235294
2,2,none,1,0.5,0,0.13113839285714285
2,3,none,1,0.5,0,0.16339285714285715
2,4,none,1,0.5,0,0.10029560810810811
2,5,none,1,0.5,0,0.09111842105263158
2,6,none,1,0.5,0,0.1192781690140845
2,7,none,1,0.5,0,0.1506076388888889
2,8,none,1,0.5,0,0.10203598484848485
2,9,none,1,0.5,0,0.11773255813953488
3,0,none,1,0.5,0,0.1500428082191781
3,1,none,1,0.5,0,0.15625
3,2,none,1,0.5,0,0.14750744047619047
3,3,none,1,0.5,0,0.175
3,4,none,1,0.5,0,0.11613175675675676
3,5,none,1,0.5,0,0.11858552631578947
3,6,none,1,0.5,0,0.1542693661971831
3,7,none,1,0.5,0,0.134765625
3,8,none,1,0.5,0,0.12334280303030302
3,9,none,1,0.5,0,0.11900436046511628
4,0,none,1,0.5,0,0.16866438356164384
4,1,none,1,0.5,0,0.17941176470588235
4,2,none,1,0.5,0,0.15029761904761904
4,3,none,1,0.5,0,0.1767857142857143
4,4,none,1,0.5,0,0.12183277027027027
4,5,none,1,0.5,0,0.11792763157894737
4,6,none,1,0.5,0,0.15757042253521128
4,7,none,1,0.5,0,0.14453125
4,8,none,1,0.5,0,0.1259469696969697
4,9,none,1,0.5,0,0.1119186046511628
5,0,none,1,0.5,0,0.17123287671232876
5,1,none,1,0.5,0,0.1670955882352941
5,2,none,1,0.5,0,0.1644345238095238
5,3,none,1,0.5,0,0.18191964285714285
5,4,none,1,0.5,0,0.12077702702702703
5,5,none,1,0.5,0,0.13042763157894738
5,6,none,1,0.5,0,0.17165492957746478
5,7,none,1,0.5,0,0.16861979166666666
5,8,none,1,0.5,0,0.13660037878787878
5,9,none,1,0.5,0,0.15261627906976744
6,0,none,1,0.5,0,0.1444777397260274
6,1,none,1,0.5,0,0.17591911764705884
6,2,none,1,0.5,0,0.18154761904761904
6,3,none,1,0.5,0,0.1888392857142857
6,4,none,1,0.5,0,0.14907094594594594
6,5,none,1,0.5,0,0.15822368421052632
6,6,none,1,0.5,0,0.1758362676056338
6,7,none,1,0.5,0,0.1898871527777778
6,8,none,1,0.5,0,0.15672348484848486
6,9,none,1,0.5,0,0.16097383720930233
7,0,none,1,0.5,0,0.1774400684931507
7,1,none,1,0.5,0,0.2005514705882353
7,2,none,1,0.5,0,0.20293898809523808
7,3,none,1,0.5,0,0.20044642857142858
7,4,none,1,0.5,0,0.15202702702702703
7,5,none,1,0.5,0,0.15032894736842106
7,6,none,1,0.5,0,0.18397887323943662
7,7,none,1,0.5,0,0.16861979166666666
7,8,none,1,0.5,0,0.14678030303030304
7,9,none,1,0.5,0,0.1726017441860465
8,0,none,1,0.5,0,0.1519691780821918
8,1,none,1,0.5,0,0.22113970588235293
8,2,none,1,0.5,0,0.20442708333333334
8,3,none,1,0.5,0,0.2265625
8,4,none,1,0.5,0,0.14041385135135134
8,5,none,1,0.5,0,0.1411184210526316
8,6,none,1,0.5,0,0.1991637323943662
8,7,none,1,0.5,0,0.1931423611111111
8,8,none,1,0.5,0,0.17258522727272727
8,9,none,1,0.5,0,0.16533430232558138
9,0,none,1,0.5,0,0.1956335616438356
9,1,none,1,0.5,0,0.22205882352941175
9,2,none,1,0.5,0,0.19661458333333334
9,3,none,1,0.5,0,0.24330357142857142
9,4,none,1,0.5,0,0.17039695945945946
9,5,none,1,0.5,0,0.15345394736842105
9,6,none,1,0.5,0,0.21412852112676056
9,7,none,1,0.5,0,0.185546875
9,8,none,1,0.5,0,0.16477272727272727
9,9,none,1,0.5,0,0.17732558139534885
10,0,none,1,0.5,0,0.22367294520547945
10,1,none,1,0.5,0,0.20753676470588237
10,2,none,1,0.5,0,0.2109375
10,3,none,1,0.5,0,0.19598214285714285
10,4,none,1,0.5,0,0.17757601351351351
10,5,none,1,0.5,0,0.17088815789473685
10,6,none,1,0.5,0,0.2147887323943662
10,7,none,1,0.5,0,0.20377604166666666
10,8,none,1,0.5,0,0.18276515151515152
10,9,none,1,0.5,0,0.17550872093023256
11,0,none,1,0.5,0,0.22538527397260275
11,1,none,1,0.5,0,0.1974264705882353
11,2,none,1,0.5,0,0.21279761904761904
11,3,none,1,0.5,0,0.19642857142857142
11,4,none,1,0.5,0,0.15878378378378377
11,5,none,1,0.5,0,0.19095394736842106
11,6,none,1,0.5,0,0.230193661971831
11,7,none,1,0.5,0,0.20399305555555555
11,8,none,1,0.5,0,0.1787405303030303
11,9,none,1,0.5,0,0.2076671511627907
12,0,none,1,0.5,0,0.20012842465753425
12,1,none,1,0.5,0,0.2514705882352941
12,2,none,1,0.5,0,0.21670386904761904
12,3,none,1,0.5,0,0.253125
12,4,none,1,0.5,0,0.18602195945945946
12,5,none,1,0.5,0,0.20164473684210527
12,6,none,1,0.5,0,0.25616197183098594
12,7,none,1,0.5,0,0.2265625
12,8,none,1,0.5,0,0.1972064393939394
12,9,none,1,0.5,0,0.1925872093023256
13,0,none,1,0.5,0,0.2363013698630137
13,1,none,1,0.5,0,0.22573529411764706
13,2,none,1,0.5,0,0.24683779761904762
13,3,none,1,0.5,0,0.2526785714285714
13,4,none,1,0.5,0,0.18813344594594594
13,5,none,1,0.5,0,0.18980263157894736
13,6,none,1,0.5,0,0.22953345070422534
13,7,none,1,0.5,0,0.23046875
13,8,none,1,0.5,0,0.1728219696969697
13,9,none,1,0.5,0,0.21311773255813954
14,0,none,1,0.5,0,0.2266695205479452
14,1,none,1,0.5,0,0.22242647058823528
14,2,none,1,0.5,0,0.20498511904761904
14,3,none,1,0.5,0,0.271875
14,4,none,1,0.5,0,0.20840371621621623
14,5,none,1,0.5,0,0.19769736842105262
14,6,none,1,0.5,0,0.26100352112676056
14,7,none,1,0.5,0,0.22157118055555555
14,8,none,1,0.5,0,0.19862689393939395
14,9,none,1,0.5,0,0.2083938953488372
15,0,none,1,0.5,0,0.254708904109589
15,1,none,1,0.5,0,0.23602941176470588
15,2,none,1,0.5,0,0.23976934523809523
15,3,none,1,0.5,0,0.2558035714285714
15,4,none,1,0.5,0,0.21283783783783783
15,5,none,1,0.5,0,0.23190789473684212
15,6,none,1,0.5,0,0.2555017605633803
15,7,none,1,0.5,0,0.2380642361111111
15,8,none,1,0.5,0,0.21401515151515152
15,9,none,1,0.5,0,0.22783430232558138
16,0,none,1,0.5,0,0.24101027397260275
16,1,none,1,0.5,0,0.2571691176470588
16,2,none,1,0.5,0,0.2501860119047619
16,3,none,1,0.5,0,0.23683035714285713
16,4,none,1,0.5,0,0.21748310810810811
16,5,none,1,0.5,0,0.23289473684210527
16,6,none,1,0.5,0,0.2550616197183099
16,7,none,1,0.5,0,0.23502604166666666
16,8,none,1,0.5,0,0.20833333333333334
16,9,none,1,0.5,0,0.21311773255813954
17,0,none,1,0.5,0,0.2566352739726027
17,1,none,1,0.5,0,0.2556985294117647
17,2,none,1,0.5,0,0.23325892857142858
17,3,none,1,0.5,0,0.27098214285714284
17,4,none,1,0.5,0,0.21516047297297297
17,5,none,1,0.5,0,0.2243421052631579
17,6,none,1,0.5,0,0.25132042253521125
17,7,none,1,0.5,0,0.22938368055555555
17,8,none,1,0.5,0,0.22514204545454544
17,9,none,1,0.5,0,0.24382267441860464
18,0,none,1,0.5,0,0.2838184931506849
18,1,none,1,0.5,0,0.27683823529411766
18,2,none,1,0.5,0,0.27176339285714285
18,3,none,1,0.5,0,0.26875
18,4,none,1,0.5,0,0.2022804054054054
18,5,none,1,0.5,0,0.24769736842105264
18,6,none,1,0.5,0,0.27024647887323944
18,7,none,1,0.5,0,0.2775607638888889
18,8,none,1,0.5,0,0.20928030303030304
18,9,none,1,0.5,0,0.26780523255813954
19,0,none,1,0.5,0,0.23886986301369864
19,1,none,1,0.5,0,0.27389705882352944
19,2,none,1,0.5,0,0.27120535714285715
19,3,none,1,0.5,0,0.3033482142857143
19,4,none,1,0.5,0,0.2438766891891892
19,5,none,1,0.5,0,0.21875
19,6,none,1,0.5,0,0.28587147887323944
19,7,none,1,0.5,0,0.2504340277777778
19,8,none,1,0.5,0,0.23413825757575757
19,9,none,1,0.5,0,0.2550872093023256
20,0,none,1,0.5,0,0.2502140410958904
20,1,none,1,0.5,0,0.28345588235294117
20,2,none,1,0.5,0,0.2942708333333333
20,3,none,1,0.5,0,0.2765625
20,4,none,1,0.5,0,0.22423986486486486
20,5,none,1,0.5,0,0.21595394736842105
20,6,none,1,0.5,0,0.258362676056338
20,7,none,1,0.5,0,0.2610677083333333
20,8,none,1,0.5,0,0.22395833333333334
20,9,none,1,0.5,0,0.24509447674418605
21,0,none,1,0.5,0,0.2628424657534247
21,1,none,1,0.5,0,0.2540441176470588
21,2,none,1,0.5,0,0.2736235119047619
21,3,none,1,0.5,0,0.2910714285714286
21,4,none,1,0.5,0,0.22149493243243243
21,5,none,1,0.5,0,0.2256578947368421
21,6,none,1,0.5,0,0.2794894366197183
21,7,none,1,0.5,0,0.2712673611111111
21,8,none,1,0.5,0,0.24692234848484848
21,9,none,1,0.5,0,0.21493459302325582
22,0,none,1,0.5,0,0.2711900684931507
22,1,none,1,0.5,0,0.28363970588235293
22,2,none,1,0.5,0,0.27827380952380953
22,3,none,1,0.5,0,0.25379464285714287
22,4,none,1,0.5,0,0.23944256756756757
22,5,none,1,0.5,0,0.2590460526315789
22,6,none,1,0.5,0,0.2711267605633803
22,7,none,1,0.5,0,0.2940538194444444
22,8,none,1,0.5,0,0.23910984848484848
22,9,none,1,0.5,0,0.25799418604651164
23,0,none,1,0.5,0,0.2707619863013699
23,1,none,1,0.5,0,0.29411764705882354
23,2,none,1,0.5,0,0.2734375
23,3,none,1,0.5,0,0.3044642857142857
23,4,none,1,0.5,0,0.24641047297297297
23,5,none,1,0.5,0,0.25592105263157894
23,6,none,1,0.5,0,0.2830105633802817
23,7,none,1,0.5,0,0.2907986111111111
23,8,none,1,0.5,0,0.2668087121212121
23,9,none,1,0.5,0,0.2565406976744186
24,0,none,1,0.5,0,0.273972602739726
24,1,none,1,0.5,0,0.29375
24,2,none,1,0.5,0,0.2961309523809524
24,3,none,1,0.5,0,0.2948660714285714
24,4,none,1,0.5,0,0.2592905405405405
24,5,none,1,0.5,0,0.27055921052631576
24,6,none,1,0.5,0,0.3003961267605634
24,7,none,1,0.5,0,0.2764756944444444
24,8,none,1,0.5,0,0.25615530303030304
24,9,none,1,0.5,0,0.26598837209302323
25,0,none,1,0.5,0,0.284888698630137
25,1,none,1,0.5,0,0.29356617647058825
25,2,none,1,0.5,0,0.3098958333333333
25,3,none,1,0.5,0,0.2796875
25,4,none,1,0.5,0,0.24978885135135134
25,5,none,1,0.5,0,0.27960526315789475
25,6,none,1,0.5,0,0.28213028169014087
25,7,none,1,0.5,0,0.2816840277777778
25,8,none,1,0.5,0,0.2625473484848485
25,9,none,1,0.5,0,0.2492732558139535
26,0,none,1,0.5,0,0.2949486301369863
26,1,none,1,0.5,0,0.3154411764705882
26,2,none,1,0.5,0,0.30710565476190477
26,3,none,1,0.5,0,0.31674107142857144
26,4,none,1,0.5,0,0.24472128378378377
26,5,none,1,0.5,0,0.2649671052631579
26,6,none,1,0.5,0,0.3076584507042254
26,7,none,1,0.5,0,0.3053385416666667
26,8,none,1,0.5,0,0.23839962121212122
26,9,none,1,0.5,0,0.25744912790697677
27,0,none,1,0.5,0,0.2853167808219178
27,1,none,1,0.5,0,0.3240808823529412
27,2,none,1,0.5,0,0.3059895833333333
27,3,none,1,0.5,0,0.3033482142857143
27,4,none,1,0.5,0,0.26625844594594594
27,5,none,1,0.5,0,0.2738486842105263
27,6,none,1,0.5,0,0.3279049295774648
27,7,none,1,0.5,0,0.3029513888888889
27,8,none,1,0.5,0,0.2845643939393939
27,9,none,1,0.5,0,0.2805232558139535
28,0,none,1,0.5,0,0.3107876712328767
28,1,none,1,0.5,0,0.29209558823529413
28,2,none,1,0.5,0,0.31417410714285715
28,3,none,1,0.5,0,0.3098214285714286
28,4,none,1,0.5,0,0.28969594594594594
28,5,none,1,0.5,0,0.29736842105263156
28,6,none,1,0.5,0,0.3191021126760563
28,7,none,1,0.5,0,0.2964409722222222
28,8,none,1,0.5,0,0.2767518939393939
28,9,none,1,0.5,0,0.26617005813953487
29,0,none,1,0.5,0,0.2681934931506849
29,1,none,1,0.5,0,0.32113970588235297
29,2,none,1,0.5,0,0.3126860119047619
29,3,none,1,0.5,0,0.3236607142857143
29,4,none,1,0.5,0,0.2755489864864865
29,5,none,1,0.5,0,0.2830592105263158
29,6,none,1,0.5,0,0.3142605633802817
29,7,none,1,0.5,0,0.2940538194444444
29,8,none,1,0.5,0,0.2940340909090909
29,9,none,1,0.5,0,0.26344476744186046
30,0,none,1,0.5,0,0.3024400684931507
30,1,none,1,0.5,0,0.325
30,2,none,1,0.5,0,0.30952380952380953
30,3,none,1,0.5,0,0.33169642857142856
30,4,none,1,0.5,0,0.2747043918918919
30,5,none,1,0.5,0,0.28174342105263156
30,6,none,1,0.5,0,0.3131602112676056
30,7,none,1,0.5,0,0.2892795138888889
30,8,none,1,0.5,0,0.26586174242424243
30,9,none,1,0.5,0,0.26144622093023256
31,0,none,1,0.5,0,0.2951626712328767
31,1,none,1,0.5,0,0.2994485294117647
31,2,none,1,0.5,0,0.34095982142857145
31,3,none,1,0.5,0,0.290625
31,4,none,1,0.5,0,0.2607685810810811
31,5,none,1,0.5,0,0.25263157894736843
31,6,none,1,0.5,0,0.3274647887323944
31,7,none,1,0.5,0,0.3166232638888889
31,8,none,1,0.5,0,0.2627840909090909
31,9,none,1,0.5,0,0.2643531976744186
32,0,none,1,0.5,0,0.3150684931506849
32,1,none,1,0.5,0,0.31783088235294116
32,2,none,1,0.5,0,0.33798363095238093
32,3,none,1,0.5,0,0.33883928571428573
32,4,none,1,0.5,0,0.26499155405405406
32,5,none,1,0.5,0,0.3004934210526316
32,6,none,1,0.5,0,0.3386883802816901
32,7,none,1,0.5,0,0.3014322916666667
32,8,none,1,0.5,0,0.3001893939393939
32,9,none,1,0.5,0,0.2992369186046512
33,0,none,1,0.5,0,0.3266267123287671
33,1,none,1,0.5,0,0.28621323529411763
33,2,none,1,0.5,0,0.3201264880952381
33,3,none,1,0.5,0,0.3345982142857143
33,4,none,1,0.5,0,0.29793074324324326
33,5,none,1,0.5,0,0.3105263157894737
33,6,none,1,0.5,0,0.3516725352112676
33,7,none,1,0.5,0,0.3428819444444444
33,8,none,1,0.5,0,0.28267045454545453
33,9,none,1,0.5,0,0.29742005813953487
34,0,none,1,0.5,0,0.2964469178082192
34,1,none,1,0.5,0,0.3224264705882353
34,2,none,1,0.5,0,0.33203125
34,3,none,1,0.5,0,0.36026785714285714
34,4,none,1,0.5,0,0.2869510135135135
34,5,none,1,0.5,0,0.3067434210526316
34,6,none,1,0.5,0,0.3439700704225352
34,7,none,1,0.5,0,0.3370225694444444
34,8,none,1,0.5,0,0.2930871212121212
34,9,none,1,0.5,0,0.2948764534883721
35,0,none,1,0.5,0,0.3103595890410959
35,1,none,1,0.5,0,0.3443014705882353
35,2,none,1,0.5,0,0.33761160714285715
35,3,none,1,0.5,0,0.33683035714285714
35,4,none,1,0.5,0,0.27153716216216217
35,5,none,1,0.5,0,0.3042763157894737
35,6,none,1,0.5,0,0.3404489436619718
35,7,none,1,0.5,0,0.3120659722222222
35,8,none,1,0.5,0,0.2786458333333333
35,9,none,1,0.5,0,0.2788880813953488
36,0,none,1,0.5,0,0.323416095890411
36,1,none,1,0.5,0,0.32683823529411765
36,2,none,1,0.5,0,0.31417410714285715
36,3,none,1,0.5,0,0.3638392857142857
36,4,none,1,0.5,0,0.29159628378378377
36,5,none,1,0.5,0,0.3070723684210526
36,6,none,1,0.5,0,0.3642165492957746
36,7,none,1,0.5,0,0.3337673611111111
36,8,none,1,0.5,0,0.3125
36,9,none,1,0.5,0,0.2897892441860465
37,0,none,1,0.5,0,0.3287671232876712
37,1,none,1,0.5,0,0.33088235294117646
37,2,none,1,0.5,0,0.33947172619047616
37,3,none,1,0.5,0,0.34375
37,4,none,1,0.5,0,0.29096283783783783
37,5,none,1,0.5,0,0.2509868421052632
37,6,none,1,0.5,0,0.3380281690140845
37,7,none,1,0.5,0,0.3248697916666667
37,8,none,1,0.5,0,0.30823863636363635
37,9,none,1,0.5,0,0.2774345930232558
38,0,none,1,0.5,0,0.3298373287671233
38,1,none,1,0.5,0,0.3402573529411765
38,2,none,1,0.5,0,0.2981770833333333
38,3,none,1,0.5,0,0.33035714285714285
38,4,none,1,0.5,0,0.2842060810810811
38,5,none,1,0.5,0,0.31463815789473687
38,6,none,1,0.5,0,0.34815140845070425
38,7,none,1,0.5,0,0.3374565972222222
38,8,none,1,0.5,0,0.2824337121212121
38,9,none,1,0.5,0,0.29505813953488375
39,0,none,1,0.5,0,0.3279109589041096
39,1,none,1,0.5,0,0.36213235294117646
39,2,none,1,0.5,0,0.35900297619047616
39,3,none,1,0.5,0,0.33683035714285714
39,4,none,1,0.5,0,0.31482263513513514
39,5,none,1,0.5,0,0.29605263157894735
39,6,none,1,0.5,0,0.3613556338028169
39,7,none,1,0.5,0,0.3266059027777778
39,8,none,1,0.5,0,0.30894886363636365
39,9,none,1,0.5,0,0.30832122093023256
40,0,none,1,0.5,0,0.3398972602739726
40,1,none,1,0.5,0,0.35863970588235294
40,2,none,1,0.5,0,0.36086309523809523
40,3,none,1,0.5,0,0.3357142857142857
40,4,none,1,0.5,0,0.3080658783783784
40,5,none,1,0.5,0,0.3383223684210526
40,6,none,1,0.5,0,0.36311619718309857
40,7,none,1,0.5,0,0.3263888888888889
40,8,none,1,0.5,0,0.3087121212121212
40,9,none,1,0.5,0,0.3243095930232558
41,0,none,1,0.5,0,0.3341181506849315
41,1,none,1,0.5,0,0.3556985294117647
41,2,none,1,0.5,0,0.35453869047619047
41,3,none,1,0.5,0,0.3419642857142857
41,4,none,1,0.5,0,0.32136824324324326
41,5,none,1,0.5,0,0.3131578947368421
41,6,none,1,0.5,0,0.3470510563380282
41,7,none,1,0.5,0,0.3450520833333333
41,8,none,1,0.5,0,0.32670454545454547
41,9,none,1,0.5,0,0.29523982558139533
42,0,none,1,0.5,0,0.3439640410958904
42,1,none,1,0.5,0,0.32683823529411765
42,2,none,1,0.5,0,0.35714285714285715
42,3,none,1,0.5,0,0.35535714285714287
42,4,none,1,0.5,0,0.33065878378378377
42,5,none,1,0.5,0,0.33075657894736843
42,6,none,1,0.5,0,0.3485915492957746
42,7,none,1,0.5,0,0.3404947916666667
42,8,none,1,0.5,0,0.3328598484848485
42,9,none,1,0.5,0,0.3390261627906977
43,0,none,1,0.5,0,0.3236301369863014
43,1,none,1,0.5,0,0.35294117647058826
43,2,none,1,0.5,0,0.36439732142857145
43,3,none,1,0.5,0,0.3685267857142857
43,4,none,1,0.5,0,0.29159628378378377
43,5,none,1,0.5,0,0.3470394736842105
43,6,none,1,0.5,0,0.3609154929577465
43,7,none,1,0.5,0,0.3561197916666667
43,8,none,1,0.5,0,0.3169981060606061
43,9,none,1,0.5,0,0.31740552325581395
44,0,none,1,0.5,0,0.3362585616438356
44,1,none,1,0.5,0,0.34301470588235294
44,2,none,1,0.5,0,0.34728422619047616
44,3,none,1,0.5,0,0.3705357142857143
44,4,none,1,0.5,0,0.2939189189189189
44,5,none,1,0.5,0,0.30032894736842103
44,6,none,1,0.5,0,0.37455985915492956
44,7,none,1,0.5,0,0.3474392361111111
44,8,none,1,0.5,0,0.32646780303030304
44,9,none,1,0.5,0,0.3250363372093023
45,0,none,1,0.5,0,0.3463184931506849
45,1,none,1,0.5,0,0.37279411764705883
45,2,none,1,0.5,0,0.3549107142857143
45,3,none,1,0.5,0,0.3379464285714286
45,4,none,1,0.5,0,0.31482263513513514
45,5,none,1,0.5,0,0.3215460526315789
45,6,none,1,0.5,0,0.3842429577464789
45,7,none,1,0.5,0,0.3608940972222222
45,8,none,1,0.5,0,0.3098958333333333
45,9,none,1,0.5,0,0.32049418604651164
46,0,none,1,0.5,0,0.3651541095890411
46,1,none,1,0.5,0,0.34613970588235293
46,2,none,1,0.5,0,0.3783482142857143
46,3,none,1,0.5,0,0.3810267857142857
46,4,none,1,0.5,0,0.3141891891891892
46,5,none,1,0.5,0,0.3213815789473684
46,6,none,1,0.5,0,0.36641725352112675
46,7,none,1,0.5,0,0.3559027777777778
46,8,none,1,0.5,0,0.3236268939393939
46,9,none,1,0.5,0,0.3203125
47,0,none,1,0.5,0,0.3458904109589041
47,1,none,1,0.5,0,0.3244485294117647
47,2,none,1,0.5,0,0.36495535714285715
47,3,none,1,0.5,0,0.36941964285714285
47,4,none,1,0.5,0,0.3247466216216216
47,5,none,1,0.5,0,0.3363486842105263
47,6,none,1,0.5,0,0.37455985915492956
47,7,none,1,0.5,0,0.3539496527777778
47,8,none,1,0.5,0,0.3136837121212121
47,9,none,1,0.5,0,0.3090479651162791
48,0,none,1,0.5,0,0.319777397260274
48,1,none,1,0.5,0,0.35863970588235294
48,2,none,1,0.5,0,0.37313988095238093
48,3,none,1,0.5,0,0.38236607142857143
48,4,none,1,0.5,0,0.3171452702702703
48,5,none,1,0.5,0,0.3537828947368421
48,6,none,1,0.5,0,0.40162852112676056
48,7,none,1,0.5,0,0.3726128472222222
48,8,none,1,0.5,0,0.3409090909090909
48,9,none,1,0.5,0,0.32449127906976744
49,0,none,1,0.5,0,0.366652397260274
49,1,none,1,0.5,0,0.37830882352941175
49,2,none,1,0.5,0,0.3828125
49,3,none,1,0.5,0,0.3575892857142857
49,4,none,1,0.5,0,0.3420608108108108
49,5,none,1,0.5,0,0.33733552631578945
49,6,none,1,0.5,0,0.379181338028169
49,7,none,1,0.5,0,0.3424479166666667
49,8,none,1,0.5,0,0.3553503787878788
49,9,none,1,0.5,0,0.34465843023255816
50,0,none,1,0.5,0,0.3465325342465753
50,1,none,1,0.5,0,0.3488970588235294
50,2,none,1,0.5,0,0.3517485119047619
50,3,none,1,0.5,0,0.3801339285714286
50,4,none,1,0.5,0,0.35050675675675674
50,5,none,1,0.5,0,0.34539473684210525
50,6,none,1,0.5,0,0.3730193661971831
50,7,none,1,0.5,0,0.3585069444444444
50,8,none,1,0.5,0,0.34375
50,9,none,1,0.5,0,0.3386627906976744
51,0,none,1,0.5,0,0.3388270547945205
51,1,none,1,0.5,0,0.37573529411764706
51,2,none,1,0.5,0,0.38244047619047616
51,3,none,1,0.5,0,0.39955357142857145
51,4,none,1,0.5,0,0.3391047297297297
51,5,none,1,0.5,0,0.3587171052631579
51,6,none,1,0.5,0,0.35673415492957744
51,7,none,1,0.5,0,0.3671875
51,8,none,1,0.5,0,0.3326231060606061
51,9,none,1,0.5,0,0.33630087209302323
52,0,none,1,0.5,0,0.3452482876712329
52,1,none,1,0.5,0,0.38363970588235297
52,2,none,1,0.5,0,0.3697916666666667
52,3,none,1,0.5,0,0.39375
52,4,none,1,0.5,0,0.3549408783783784
52,5,none,1,0.5,0,0.346875
52,6,none,1,0.5,0,0.37125880281690143
52,7,none,1,0.5,0,0.3413628472222222
52,8,none,1,0.5,0,0.3482481060606061
52,9,none,1,0.5,0,0.29778343023255816
53,0,none,1,0.5,0,0.3516695205479452
53,1,none,1,0.5,0,0.3669117647058823
53,2,none,1,0.5,0,0.40271577380952384
53,3,none,1,0.5,0,0.3859375
53,4,none,1,0.5,0,0.36486486486486486
53,5,none,1,0.5,0,0.36644736842105263
53,6,none,1,0.5,0,0.3963468309859155
53,7,none,1,0.5,0,0.3747829861111111
53,8,none,1,0.5,0,0.3463541666666667
53,9,none,1,0.5,0,0.34974563953488375
54,0,none,1,0.5,0,0.3720034246575342
54,1,none,1,0.5,0,0.3876838235294118
54,2,none,1,0.5,0,0.39880952380952384
54,3,none,1,0.5,0,0.3794642857142857
54,4,none,1,0.5,0,0.32706925675675674
54,5,none,1,0.5,0,0.3603618421052632
54,6,none,1,0.5,0,0.40911091549295775
54,7,none,1,0.5,0,0.3778211805555556
54,8,none,1,0.5,0,0.35984848484848486
54,9,none,1,0.5,0,0.3273982558139535
55,0,none,1,0.5,0,0.3726455479452055
55,1,none,1,0.5,0,0.375
55,2,none,1,0.5,0,0.3943452380952381
55,3,none,1,0.5,0,0.37388392857142855
55,4,none,1,0.5,0,0.3502956081081081
55,5,none,1,0.5,0,0.3493421052631579
55,6,none,1,0.5,0,0.3824823943661972
55,7,none,1,0.5,0,0.3752170138888889
55,8,none,1,0.5,0,0.32078598484848486
55,9,none,1,0.5,0,0.3488372093023256
56,0,none,1,0.5,0,0.3683647260273973
56,1,none,1,0.5,0,0.38731617647058825
56,2,none,1,0.5,0,0.4075520833333333
56,3,none,1,0.5,0,0.38839285714285715
56,4,none,1,0.5,0,0.35219594594594594
56,5,none,1,0.5,0,0.35230263157894737
56,6,none,1,0.5,0,0.41725352112676056
56,7,none,1,0.5,0,0.4006076388888889
56,8,none,1,0.5,0,0.3269412878787879
56,9,none,1,0.5,0,0.32994186046511625
57,0,none,1,0.5,0,0.3854880136986301
57,1,none,1,0.5,0,0.4045955882352941
57,2,none,1,0.5,0,0.3950892857142857
57,3,none,1,0.5,0,0.38035714285714284
57,4,none,1,0.5,0,0.35958614864864863
57,5,none,1,0.5,0,0.3569078947368421
57,6,none,1,0.5,0,0.3805017605633803
57,7,none,1,0.5,0,0.3921440972222222
57,8,none,1,0.5,0,0.3700284090909091
57,9,none,1,0.5,0,0.3481104651162791
58,0,none,1,0.5,0,0.3675085616438356
58,1,none,1,0.5,0,0.39375
58,2,none,1,0.5,0,0.38764880952380953
58,3,none,1,0.5,0,0.3970982142857143
58,4,none,1,0.5,0,0.33572635135135137
58,5,none,1,0.5,0,0.35328947368421054
58,6,none,1,0.5,0,0.38952464788732394
58,7,none,1,0.5,0,0.3812934027777778
58,8,none,1,0.5,0,0.3652935606060606
58,9,none,1,0.5,0,0.36500726744186046
59,0,none,1,0.5,0,0.3767123287671233
59,1,none,1,0.5,0,0.3693014705882353
59,2,none,1,0.5,0,0.4107142857142857
59,3,none,1,0.5,0,0.3970982142857143
59,4,none,1,0.5,0,0.35219594594594594
59,5,none,1,0.5,0,0.36463815789473686
59,6,none,1,0.5,0,0.3769806338028169
59,7,none,1,0.5,0,0.3799913194444444
59,8,none,1,0.5,0,0.34730113636363635
59,9,none,1,0.5,0,0.36736918604651164
60,0,none,1,0.5,0,0.4019691780821918
60,1,none,1,0.5,0,0.3678308823529412
60,2,none,1,0.5,0,0.40438988095238093
60,3,none,1,0.5,0,0.38058035714285715
60,4,none,1,0.5,0,0.3735219594594595
60,5,none,1,0.5,0,0.3763157894736842
60,6,none,1,0.5,0,0.4183538732394366
60,7,none,1,0.5,0,0.3869357638888889
60,8,none,1,0.5,0,0.36292613636363635
60,9,none,1,0.5,0,0.3457485465116279
61,0,none,1,0.5,0,0.3657962328767123
61,1,none,1,0.5,0,0.3821691176470588
61,2,none,1,0.5,0,0.40327380952380953
61,3,none,1,0.5,0,0.4138392857142857
61,4,none,1,0.5,0,0.375
61,5,none,1,0.5,0,0.3787828947368421
61,6,none,1,0.5,0,0.3996478873239437
61,7,none,1,0.5,0,0.404296875
61,8,none,1,0.5,0,0.3449337121212121
61,9,none,1,0.5,0,0.3626453488372093
62,0,none,1,0.5,0,0.3570205479452055
62,1,none,1,0.5,0,0.4108455882352941
62,2,none,1,0.5,0,0.3763020833333333
62,3,none,1,0.5,0,0.38772321428571427
62,4,none,1,0.5,0,0.3745777027027027
62,5,none,1,0.5,0,0.35641447368421053
62,6,none,1,0.5,0,0.4029489436619718
62,7,none,1,0.5,0,0.3875868055555556
62,8,none,1,0.5,0,0.39086174242424243
62,9,none,1,0.5,0,0.3715479651162791
63,0,none,1,0.5,0,0.3707191780821918
63,1,none,1,0.5,0,0.39742647058823527
63,2,none,1,0.5,0,0.4220610119047619
63,3,none,1,0.5,0,0.3953125
63,4,none,1,0.5,0,0.38091216216216217
63,5,none,1,0.5,0,0.3883223684210526
63,6,none,1,0.5,0,0.3981073943661972
63,7,none,1,0.5,0,0.3943142361111111
63,8,none,1,0.5,0,0.3494318181818182
63,9,none,1,0.5,0,0.36736918604651164
64,0,none,1,0.5,0,0.3535958904109589
64,1,none,1,0.5,0,0.3987132352941177
64,2,none,1,0.5,0,0.40085565476190477
64,3,none,1,0.5,0,0.42544642857142856
64,4,none,1,0.5,0,0.38471283783783783
64,5,none,1,0.5,0,0.3828947368421053
64,6,none,1,0.5,0,0.38182218309859156
64,7,none,1,0.5,0,0.3995225694444444
64,8,none,1,0.5,0,0.3721590909090909
64,9,none,1,0.5,0,0.381359011627907
65,0,none,1,0.5,0,0.395333904109589
65,1,none,1,0.5,0,0.3915441176470588
65,2,none,1,0.5,0,0.39694940476190477
65,3,none,1,0.5,0,0.4167410714285714
65,4,none,1,0.5,0,0.36169763513513514
65,5,none,1,0.5,0,0.40148026315789476
65,6,none,1,0.5,0,0.390625
65,7,none,1,0.5,0,0.4396701388888889
65,8,none,1,0.5,0,0.38233901515151514
65,9,none,1,0.5,0,0.365734011627907
66,0,none,1,0.5,0,0.3799229452054795
66,1,none,1,0.5,0,0.4275735294117647
66,2,none,1,0.5,0,0.4099702380952381
66,3,none,1,0.5,0,0.4109375
66,4,none,1,0.5,0,0.36486486486486486
66,5,none,1,0.5,0,0.38453947368421054
66,6,none,1,0.5,0,0.43287852112676056
66,7,none,1,0.5,0,0.4032118055555556
66,8,none,1,0.5,0,0.37144886363636365
66,9,none,1,0.5,0,0.36609738372093026
67,0,none,1,0.5,0,0.4118150684931507
67,1,none,1,0.5,0,0.41360294117647056
67,2,none,1,0.5,0,0.4135044642857143
67,3,none,1,0.5,0,0.42098214285714286
67,4,none,1,0.5,0,0.3807010135135135
67,5,none,1,0.5,0,0.39144736842105265
67,6,none,1,0.5,0,0.402068661971831
67,7,none,1,0.5,0,0.4194878472222222
67,8,none,1,0.5,0,0.3797348484848485
67,9,none,1,0.5,0,0.35519622093023256
68,0,none,1,0.5,0,0.3886986301369863
68,1,none,1,0.5,0,0.4011029411764706
68,2,none,1,0.5,0,0.4055059523809524
68,3,none,1,0.5,0,0.42678571428571427
68,4,none,1,0.5,0,0.35916385135135137
68,5,none,1,0.5,0,0.37976973684210524
68,6,none,1,0.5,0,0.4394806338028169
68,7,none,1,0.5,0,0.4086371527777778
68,8,none,1,0.5,0,0.3546401515151515
68,9,none,1,0.5,0,0.3706395348837209
69,0,none,1,0.5,0,0.4017551369863014
69,1,none,1,0.5,0,0.4099264705882353
69,2,none,1,0.5,0,0.40904017857142855
69,3,none,1,0.5,0,0.44040178571428573
69,4,none,1,0.5,0,0.37605574324324326
69,5,none,1,0.5,0,0.37779605263157895
69,6,none,1,0.5,0,0.4044894366197183
69,7,none,1,0.5,0,0.3548177083333333
69,8,none,1,0.5,0,0.38328598484848486
69,9,none,1,0.5,0,0.38898982558139533
70,0,none,1,0.5,0,0.4060359589041096
70,1,none,1,0.5,0,0.4334558823529412
70,2,none,1,0.5,0,0.42931547619047616
70,3,none,1,0.5,0,0.41964285714285715
70,4,none,1,0.5,0,0.3923141891891892
70,5,none,1,0.5,0,0.40575657894736844
70,6,none,1,0.5,0,0.4425616197183099
70,7,none,1,0.5,0,0.4149305555555556
70,8,none,1,0.5,0,0.3856534090909091
70,9,none,1,0.5,0,0.37718023255813954
71,0,none,1,0.5,0,0.3664383561643836
71,1,none,1,0.5,0,0.41966911764705883
71,2,none,1,0.5,0,0.3829985119047619
71,3,none,1,0.5,0,0.4263392857142857
71,4,none,1,0.5,0,0.39759290540540543
71,5,none,1,0.5,0,0.3782894736842105
71,6,none,1,0.5,0,0.4623679577464789
71,7,none,1,0.5,0,0.4147135416666667
71,8,none,1,0.5,0,0.3856534090909091
71,9,none,1,0.5,0,0.36500726744186046
72,0,none,1,0.5,0,0.4008989726027397
72,1,none,1,0.5,0,0.41599264705882355
72,2,none,1,0.5,0,0.4075520833333333
72,3,none,1,0.5,0,0.42857142857142855
72,4,none,1,0.5,0,0.3650760135135135
72,5,none,1,0.5,0,0.39539473684210524
72,6,none,1,0.5,0,0.42561619718309857
72,7,none,1,0.5,0,0.404296875
72,8,none,1,0.5,0,0.3875473484848485
72,9,none,1,0.5,0,0.38771802325581395
73,0,none,1,0.5,0,0.3803510273972603
73,1,none,1,0.5,0,0.4137867647058823
73,2,none,1,0.5,0,0.43247767857142855
73,3,none,1,0.5,0,0.44419642857142855
73,4,none,1,0.5,0,0.38471283783783783
73,5,none,1,0.5,0,0.40575657894736844
73,6,none,1,0.5,0,0.4317781690140845
73,7,none,1,0.5,0,0.4075520833333333
73,8,none,1,0.5,0,0.39299242424242425
73,9,none,1,0.5,0,0.38263081395348836
74,0,none,1,0.5,0,0.395333904109589
74,1,none,1,0.5,0,0.4181985294117647
74,2,none,1,0.5,0,0.42540922619047616
74,3,none,1,0.5,0,0.44040178571428573
74,4,none,1,0.5,0,0.39484797297297297
74,5,none,1,0.5,0,0.36529605263157894
74,6,none,1,0.5,0,0.4335387323943662
74,7,none,1,0.5,0,0.400390625
74,8,none,1,0.5,0,0.3965435606060606
74,9,none,1,0.5,0,0.3640988372093023
75,0,none,1,0.5,0,0.4193065068493151
75,1,none,1,0.5,0,0.4470588235294118
75,2,none,1,0.5,0,0.4148065476190476
75,3,none,1,0.5,0,0.4238839285714286
75,4,none,1,0.5,0,0.4018158783783784
75,5,none,1,0.5,0,0.4039473684210526
75,6,none,1,0.5,0,0.445862676056338
75,7,none,1,0.5,0,0.4301215277777778
75,8,none,1,0.5,0,0.3835227272727273
75,9,none,1,0.5,0,0.3671875
76,0,none,1,0.5,0,0.3970462328767123
76,1,none,1,0.5,0,0.43253676470588237
76,2,none,1,0.5,0,0.4421502976190476
76,3,none,1,0.5,0,0.425
76,4,none,1,0.5,0,0.39822635135135137
76,5,none,1,0.5,0,0.3950657894736842
76,6,none,1,0.5,0,0.4082306338028169
76,7,none,1,0.5,0,0.4049479166666667
76,8,none,1,0.5,0,0.3662405303030303
76,9,none,1,0.5,0,0.3926235465116279
77,0,none,1,0.5,0,0.3921232876712329
77,1,none,1,0.5,0,0.41488970588235297
77,2,none,1,0.5,0,0.41908482142857145
77,3,none,1,0.5,0,0.4232142857142857
77,4,none,1,0.5,0,0.40815033783783783
77,5,none,1,0.5,0,0.4105263157894737
77,6,none,1,0.5,0,0.44630281690140844
77,7,none,1,0.5,0,0.4231770833333333
77,8,none,1,0.5,0,0.40009469696969696
77,9,none,1,0.5,0,0.3546511627906977
78,0,none,1,0.5,0,0.4233732876712329
78,1,none,1,0.5,0,0.4329044117647059
78,2,none,1,0.5,0,0.43080357142857145
78,3,none,1,0.5,0,0.43214285714285716
78,4,none,1,0.5,0,0.39928209459459457
78,5,none,1,0.5,0,0.3950657894736842
78,6,none,1,0.5,0,0.4392605633802817
78,7,none,1,0.5,0,0.4401041666666667
78,8,none,1,0.5,0,0.4095643939393939
78,9,none,1,0.5,0,0.39044331395348836
79,0,none,1,0.5,0,0.4075342465753425
79,1,none,1,0.5,0,0.4358455882352941
79,2,none,1,0.5,0,0.46484375
79,3,none,1,0.5,0,0.4455357142857143
79,4,none,1,0.5,0,0.41786317567567566
79,5,none,1,0.5,0,0.396875
79,6,none,1,0.5,0,0.4267165492957746
79,7,none,1,0.5,0,0.4379340277777778
79,8,none,1,0.5,0,0.40625
79,9,none,1,0.5,0,0.40370639534883723
80,0,none,1,0.5,0,0.4409246575342466
80,1,none,1,0.5,0,0.44981617647058825
80,2,none,1,0.5,0,0.4529389880952381
80,3,none,1,0.5,0,0.421875
80,4,none,1,0.5,0,0.4094172297297297
80,5,none,1,0.5,0,0.3830592105263158
80,6,none,1,0.5,0,0.4392605633802817
80,7,none,1,0.5,0,0.4359809027777778
80,8,none,1,0.5,0,0.4034090909090909
80,9,none,1,0.5,0,0.38244912790697677
81,0,none,1,0.5,0,0.4223030821917808
81,1,none,1,0.5,0,0.42665441176470587
81,2,none,1,0.5,0,0.4505208333333333
81,3,none,1,0.5,0,0.45625
81,4,none,1,0.5,0,0.4119510135135135
81,5,none,1,0.5,0,0.3819078947368421
81,6,none,1,0.5,0,0.4533450704225352
81,7,none,1,0.5,0,0.4420572916666667
81,8,none,1,0.5,0,0.41358901515151514
81,9,none,1,0.5,0,0.3971656976744186
82,0,none,1,0.5,0,0.4229452054794521
82,1,none,1,0.5,0,0.39448529411764705
82,2,none,1,0.5,0,0.43991815476190477
82,3,none,1,0.5,0,0.4310267857142857
82,4,none,1,0.5,0,0.3686655405405405
82,5,none,1,0.5,0,0.4368421052631579
82,6,none,1,0.5,0,0.448943661971831
82,7,none,1,0.5,0,0.4288194444444444
82,8,none,1,0.5,0,0.39796401515151514
82,9,none,1,0.5,0,0.3875363372093023
83,0,none,1,0.5,0,0.4387842465753425
83,1,none,1,0.5,0,0.4264705882352941
83,2,none,1,0.5,0,0.4146205357142857
83,3,none,1,0.5,0,0.4245535714285714
83,4,none,1,0.5,0,0.3954814189189189
83,5,none,1,0.5,0,0.4307565789473684
83,6,none,1,0.5,0,0.433318661971831
83,7,none,1,0.5,0,0.4359809027777778
83,8,none,1,0.5,0,0.39701704545454547
83,9,none,1,0.5,0,0.3871729651162791
84,0,none,1,0.5,0,0.4471318493150685
84,1,none,1,0.5,0,0.440625
84,2,none,1,0.5,0,0.46837797619047616
84,3,none,1,0.5,0,0.44241071428571427
84,4,none,1,0.5,0,0.41596283783783783
84,5,none,1,0.5,0,0.4128289473684211
84,6,none,1,0.5,0,0.4397007042253521
84,7,none,1,0.5,0,0.4490017361111111
84,8,none,1,0.5,0,0.40577651515151514
84,9,none,1,0.5,0,0.3964389534883721
85,0,none,1,0.5,0,0.4441352739726027
85,1,none,1,0.5,0,0.44136029411764705
85,2,none,1,0.5,0,0.4765625
85,3,none,1,0.5,0,0.4529017857142857
85,4,none,1,0.5,0,0.42124155405405406
85,5,none,1,0.5,0,0.41792763157894736
85,6,none,1,0.5,0,0.4377200704225352
85,7,none,1,0.5,0,0.41796875
85,8,none,1,0.5,0,0.4109848484848485
85,9,none,1,0.5,0,0.3780886627906977
86,0,none,1,0.5,0,0.3848458904109589
86,1,none,1,0.5,0,0.42426470588235293
86,2,none,1,0.5,0,0.4640997023809524
86,3,none,1,0.5,0,0.4589285714285714
86,4,none,1,0.5,0,0.40561655405405406
86,5,none,1,0.5,0,0.4207236842105263
86,6,none,1,0.5,0,0.4372799295774648
86,7,none,1,0.5,0,0.4375
86,8,none,1,0.5,0,0.43892045454545453
86,9,none,1,0.5,0,0.41497093023255816
87,0,none,1,0.5,0,0.4274400684931507
87,1,none,1,0.5,0,0.43308823529411766
87,2,none,1,0.5,0,0.42931547619047616
87,3,none,1,0.5,0,0.48147321428571427
87,4,none,1,0.5,0,0.4360219594594595
87,5,none,1,0.5,0,0.4251644736842105
87,6,none,1,0.5,0,0.4408010563380282
87,7,none,1,0.5,0,0.4437934027777778
87,8,none,1,0.5,0,0.3963068181818182
87,9,none,1,0.5,0,0.3868095930232558
88,0,none,1,0.5,0,0.4400684931506849
88,1,none,1,0.5,0,0.4163602941176471
88,2,none,1,0.5,0,0.4376860119047619
88,3,none,1,0.5,0,0.4375
88,4,none,1,0.5,0,0.4201858108108108
88,5,none,1,0.5,0,0.38898026315789475
88,6,none,1,0.5,0,0.4788732394366197
88,7,none,1,0.5,0,0.4505208333333333
88,8,none,1,0.5,0,0.41382575757575757
88,9,none,1,0.5,0,0.4004360465116279
89,0,none,1,0.5,0,0.4252996575342466
89,1,none,1,0.5,0,0.45386029411764706
89,2,none,1,0.5,0,0.4728422619047619
89,3,none,1,0.5,0,0.4361607142857143
89,4,none,1,0.5,0,0.41828547297297297
89,5,none,1,0.5,0,0.4024671052631579
89,6,none,1,0.5,0,0.4738116197183099
89,7,none,1,0.5,0,0.4602864583333333
89,8,none,1,0.5,0,0.3958333333333333
89,9,none,1,0.5,0,0.4117005813953488
90,0,none,1,0.5,0,0.4229452054794521
90,1,none,1,0.5,0,0.4577205882352941
90,2,none,1,0.5,0,0.45944940476190477
90,3,none,1,0.5,0,0.446875
90,4,none,1,0.5,0,0.42208614864864863
90,5,none,1,0.5,0,0.3960526315789474
90,6,none,1,0.5,0,0.4515845070422535
90,7,none,1,0.5,0,0.4576822916666667
90,8,none,1,0.5,0,0.4346590909090909
90,9,none,1,0.5,0,0.41188226744186046
91,0,none,1,0.5,0,0.4186643835616438
91,1,none,1,0.5,0,0.45698529411764705
91,2,none,1,0.5,0,0.45703125
91,3,none,1,0.5,0,0.4529017857142857
91,4,none,1,0.5,0,0.4066722972972973
91,5,none,1,0.5,0,0.42680921052631576
91,6,none,1,0.5,0,0.44454225352112675
91,7,none,1,0.5,0,0.4444444444444444
91,8,none,1,0.5,0,0.40482954545454547
91,9,none,1,0.5,0,0.41587936046511625
92,0,none,1,0.5,0,0.4325770547945205
92,1,none,1,0.5,0,0.43474264705882354
92,2,none,1,0.5,0,0.4484747023809524
92,3,none,1,0.5,0,0.46183035714285714
92,4,none,1,0.5,0,0.4066722972972973
92,5,none,1,0.5,0,0.4075657894736842
92,6,none,1,0.5,0,0.4588468309859155
92,7,none,1,0.5,0,0.4581163194444444
92,8,none,1,0.5,0,0.4159564393939394
92,9,none,1,0.5,0,0.4102470930232558
93,0,none,1,0.5,0,0.4471318493150685
93,1,none,1,0.5,0,0.43621323529411765
93,2,none,1,0.5,0,0.4568452380952381
93,3,none,1,0.5,0,0.4589285714285714
93,4,none,1,0.5,0,0.4125844594594595
93,5,none,1,0.5,0,0.4251644736842105
93,6,none,1,0.5,0,0.4511443661971831
93,7,none,1,0.5,0,0.4529079861111111
93,8,none,1,0.5,0,0.4367897727272727
93,9,none,1,0.5,0,0.4015261627906977
94,0,none,1,0.5,0,0.4544092465753425
94,1,none,1,0.5,0,0.434375
94,2,none,1,0.5,0,0.4689360119047619
94,3,none,1,0.5,0,0.4694196428571429
94,4,none,1,0.5,0,0.40371621621621623
94,5,none,1,0.5,0,0.4254934210526316
94,6,none,1,0.5,0,0.4308978873239437
94,7,none,1,0.5,0,0.4676649305555556
94,8,none,1,0.5,0,0.42045454545454547
94,9,none,1,0.5,0,0.40025436046511625
95,0,none,1,0.5,0,0.4353595890410959
95,1,none,1,0.5,0,0.4586397058823529
95,2,none,1,0.5,0,0.4181547619047619
95,3,none,1,0.5,0,0.45089285714285715
95,4,none,1,0.5,0,0.41997466216216217
95,5,none,1,0.5,0,0.43338815789473684
95,6,none,1,0.5,0,0.4766725352112676
95,7,none,1,0.5,0,0.4561631944444444
95,8,none,1,0.5,0,0.4159564393939394
95,9,none,1,0.5,0,0.41297238372093026
96,0,none,1,0.5,0,0.4621147260273973
96,1,none,1,0.5,0,0.44871323529411766
96,2,none,1,0.5,0,0.46875
96,3,none,1,0.5,0,0.45870535714285715
96,4,none,1,0.5,0,0.44446790540540543
96,5,none,1,0.5,0,0.42911184210526315
96,6,none,1,0.5,0,0.4804137323943662
96,7,none,1,0.5,0,0.4763454861111111
96,8,none,1,0.5,0,0.43797348484848486
96,9,none,1,0.5,0,0.40025436046511625
97,0,none,1,0.5,0,0.4533390410958904
97,1,none,1,0.5,0,0.47738970588235297
97,2,none,1,0.5,0,0.44735863095238093
97,3,none,1,0.5,0,0.4689732142857143
97,4,none,1,0.5,0,0.4486908783783784
97,5,none,1,0.5,0,0.42023026315789475
97,6,none,1,0.5,0,0.46985035211267606
97,7,none,1,0.5,0,0.4526909722222222
97,8,none,1,0.5,0,0.4256628787878788
97,9,none,1,0.5,0,0.4140625
98,0,none,1,0.5,0,0.4190924657534247
98,1,none,1,0.5,0,0.4479779411764706
98,2,none,1,0.5,0,0.46372767857142855
98,3,none,1,0.5,0,0.4752232142857143
98,4,none,1,0.5,0,0.45080236486486486
98,5,none,1,0.5,0,0.4376644736842105
98,6,none,1,0.5,0,0.46434859154929575
98,7,none,1,0.5,0,0.46875
98,8,none,1,0.5,0,0.43016098484848486
98,9,none,1,0.5,0,0.4106104651162791
99,0,none,1,0.5,0,0.4561215753424658
99,1,none,1,0.5,0,0.44577205882352944
99,2,none,1,0.5,0,0.48790922619047616
99,3,none,1,0.5,0,0.428125
99,4,none,1,0.5,0,0.4330658783783784
99,5,none,1,0.5,0,0.4342105263157895
99,6,none,1,0.5,0,0.47755281690140844
99,7,none,1,0.5,0,0.4754774305555556
99,8,none,1,0.5,0,0.43607954545454547
99,9,none,1,0.5,0,0.40625
100,0,none,1,0.5,0,0.4385702054794521
100,1,none,1,0.5,0,0.4573529411764706
100,2,none,1,0.5,0,0.46242559523809523
100,3,none,1,0.5,0,0.4850446428571429
100,4,none,1,0.5,0,0.4408783783783784
100,5,none,1,0.5,0,0.4175986842105263
100,6,none,1,0.5,0,0.47579225352112675
100,7,none,1,0.5,0,0.4635416666666667
100,8,none,1,0.5,0,0.4363162878787879
100,9,none,1,0.5,0,0.39589389534883723
