round,client,attack,seed,alpha,num_byzantine,raw_score,softmax_weight,update_norm
1,0,gaussian,2,1,3,0.4711265563964844,0.10267066210508347,0.7066750526428223
1,1,gaussian,2,1,3,0.42782294750213623,0.09831953793764114,0.7148838043212891
1,2,gaussian,2,1,3,0.4508665204048157,0.10061147809028625,0.7213435173034668
1,3,gaussian,2,1,3,0.4343559145927429,0.09896396100521088,0.7329525351524353
1,4,gaussian,2,1,3,0.49141985177993774,0.10477547347545624,0.7231207489967346
1,5,gaussian,2,1,3,0.5066859722137451,0.10638725757598877,0.7163259983062744
1,6,gaussian,2,1,3,0.4283832311630249,0.09837464243173599,0.7020673751831055
1,7,gaussian,2,1,3,0.3731191158294678,0.09308554977178574,0.6833404898643494
1,8,gaussian,2,1,3,0.4103248715400696,0.09661410003900528,0.7109481692314148
1,9,gaussian,2,1,3,0.44674062728881836,0.10019722580909729,0.7111852169036865
2,0,gaussian,2,1,3,0.3815854787826538,0.09952493011951447,0.6806649565696716
2,1,gaussian,2,1,3,0.37867724895477295,0.0992359071969986,0.7001647353172302
2,2,gaussian,2,1,3,0.3808221220970154,0.09944898635149002,0.7175735235214233
2,3,gaussian,2,1,3,0.39410752058029175,0.10077901929616928,0.6924566030502319
2,4,gaussian,2,1,3,0.41053152084350586,0.10244788229465485,0.6868268251419067
2,5,gaussian,2,1,3,0.4099975824356079,0.10239319503307343,0.6773720979690552
2,6,gaussian,2,1,3,0.40524822473526,0.10190805047750473,0.6933807134628296
2,7,gaussian,2,1,3,0.35352426767349243,0.09677096456289291,0.6837887167930603
2,8,gaussian,2,1,3,0.38480544090270996,0.09984591603279114,0.686566174030304
2,9,gaussian,2,1,3,0.3625185489654541,0.09764526784420013,0.6947327256202698
3,0,gaussian,2,1,3,0.3742802143096924,0.09997542947530746,0.6610151529312134
3,1,gaussian,2,1,3,0.33853113651275635,0.09646453708410263,0.6820378303527832
3,2,gaussian,2,1,3,0.3887186050415039,0.10142938792705536,0.6891353130340576
3,3,gaussian,2,1,3,0.389721155166626,0.10153112560510635,0.675393283367157
3,4,gaussian,2,1,3,0.36733734607696533,0.09928371757268906,0.6656051874160767
3,5,gaussian,2,1,3,0.3611770272254944,0.098673976957798,0.6591601371765137
3,6,gaussian,2,1,3,0.3990122079849243,0.10247885435819626,0.6714755296707153
3,7,gaussian,2,1,3,0.35355764627456665,0.09792499989271164,0.6660927534103394
3,8,gaussian,2,1,3,0.3784618377685547,0.1003943681716919,0.6572238802909851
3,9,gaussian,2,1,3,0.3927941918373108,0.10184361785650253,0.671390175819397
4,0,gaussian,2,1,3,0.3455711603164673,0.09968745708465576,0.6507633924484253
4,1,gaussian,2,1,3,0.345409631729126,0.09967135637998581,0.6660300493240356
4,2,gaussian,2,1,3,0.32805508375167847,0.09795653074979782,0.6735666990280151
4,3,gaussian,2,1,3,0.35392487049102783,0.1005237028002739,0.6398324370384216
4,4,gaussian,2,1,3,0.3204478621482849,0.09721418470144272,0.6393991708755493
4,5,gaussian,2,1,3,0.3549767732620239,0.10062950104475021,0.6274486780166626
4,6,gaussian,2,1,3,0.3618338704109192,0.10132190585136414,0.6416687965393066
4,7,gaussian,2,1,3,0.3339275121688843,0.09853346645832062,0.6585865616798401
4,8,gaussian,2,1,3,0.3927023410797119,0.10449832677841187,0.640307605266571
4,9,gaussian,2,1,3,0.3483373522758484,0.09996359050273895,0.6443949937820435
5,0,gaussian,2,1,3,0.336544930934906,0.09968556463718414,0.622866690158844
5,1,gaussian,2,1,3,0.3232526183128357,0.09836927801370621,0.6269389986991882
5,2,gaussian,2,1,3,0.36790919303894043,0.1028616800904274,0.6559427976608276
5,3,gaussian,2,1,3,0.36523759365081787,0.1025872454047203,0.6509565114974976
5,4,gaussian,2,1,3,0.33761781454086304,0.09979257732629776,0.6328970789909363
5,5,gaussian,2,1,3,0.35786473751068115,0.10183366388082504,0.6200288534164429
5,6,gaussian,2,1,3,0.34661245346069336,0.10069422423839569,0.6412369608879089
5,7,gaussian,2,1,3,0.30396413803100586,0.09649007022380829,0.6440348029136658
5,8,gaussian,2,1,3,0.349450945854187,0.10098045319318771,0.6287856101989746
5,9,gaussian,2,1,3,0.30619049072265625,0.0967051312327385,0.6226361393928528
6,0,gaussian,2,1,3,0.5799931287765503,0.14316177368164062,22.66339111328125
6,1,gaussian,2,1,3,0.580398678779602,0.14321984350681305,22.674972534179688
6,2,gaussian,2,1,3,0.5726800560951233,0.1421186327934265,22.596921920776367
6,3,gaussian,2,1,3,0.01911032199859619,0.08170314133167267,0.6385141015052795
6,4,gaussian,2,1,3,0.020447134971618652,0.08181243389844894,0.6238049864768982
6,5,gaussian,2,1,3,0.018558859825134277,0.08165809512138367,0.6037297248840332
6,6,gaussian,2,1,3,0.020524680614471436,0.08181878924369812,0.6295079588890076
6,7,gaussian,2,1,3,0.018491506576538086,0.08165259659290314,0.6337351202964783
6,8,gaussian,2,1,3,0.016109764575958252,0.08145835250616074,0.6043269038200378
6,9,gaussian,2,1,3,0.015347719192504883,0.08139630407094955,0.6082819700241089
7,0,gaussian,2,1,3,0.5720504522323608,0.13869068026542664,22.823776245117188
7,1,gaussian,2,1,3,0.5711904764175415,0.13857145607471466,22.85567855834961
7,2,gaussian,2,1,3,0.5705215930938721,0.13847880065441132,22.694101333618164
7,3,gaussian,2,1,3,0.06276613473892212,0.0833427682518959,0.9534803032875061
7,4,gaussian,2,1,3,0.059599459171295166,0.0830792635679245,0.9434747695922852
7,5,gaussian,2,1,3,0.06422418355941772,0.0834643766283989,0.9199321866035461
7,6,gaussian,2,1,3,0.06383436918258667,0.08343183994293213,0.9428205490112305
7,7,gaussian,2,1,3,0.06367337703704834,0.08341841399669647,0.9344831109046936
7,8,gaussian,2,1,3,0.06966894865036011,0.08392005413770676,0.9438234567642212
7,9,gaussian,2,1,3,0.0658760666847229,0.08360236138105392,0.9373589158058167
8,0,gaussian,2,1,3,0.5743628740310669,0.13932769000530243,22.78224754333496
8,1,gaussian,2,1,3,0.5742523670196533,0.13931229710578918,22.75433349609375
8,2,gaussian,2,1,3,0.5672560930252075,0.138341024518013,22.792762756347656
8,3,gaussian,2,1,3,0.06002610921859741,0.08330360800027847,0.9543125629425049
8,4,gaussian,2,1,3,0.057174086570739746,0.08306635916233063,0.9498312473297119
8,5,gaussian,2,1,3,0.061721205711364746,0.08344493061304092,0.9134557843208313
8,6,gaussian,2,1,3,0.062491536140441895,0.08350924402475357,0.9491620063781738
8,7,gaussian,2,1,3,0.05562901496887207,0.08293811976909637,0.9158768653869629
8,8,gaussian,2,1,3,0.057471513748168945,0.08309107273817062,0.9312242269515991
8,9,gaussian,2,1,3,0.06436276435852051,0.08366565406322479,0.9503116011619568
9,0,gaussian,2,1,3,0.5726852416992188,0.13919155299663544,22.72641944885254
9,1,gaussian,2,1,3,0.5716210603713989,0.13904350996017456,22.677534103393555
9,2,gaussian,2,1,3,0.5694016218185425,0.13873524963855743,22.716825485229492
9,3,gaussian,2,1,3,0.05410951375961304,0.08287018537521362,0.9468305110931396
9,4,gaussian,2,1,3,0.06397420167922974,0.08369171619415283,0.9424822926521301
9,5,gaussian,2,1,3,0.059437572956085205,0.08331289887428284,0.9211165308952332
9,6,gaussian,2,1,3,0.05855470895767212,0.08323937654495239,0.9392547011375427
9,7,gaussian,2,1,3,0.057158052921295166,0.08312319964170456,0.944475531578064
9,8,gaussian,2,1,3,0.06080508232116699,0.08342690765857697,0.9400318264961243
9,9,gaussian,2,1,3,0.060068488121032715,0.08336548507213593,0.9518002867698669
10,0,gaussian,2,1,3,0.5724170804023743,0.13886043429374695,22.815414428710938
10,1,gaussian,2,1,3,0.5715707540512085,0.13874296844005585,22.706008911132812
10,2,gaussian,2,1,3,0.5712915658950806,0.13870424032211304,22.68050765991211
10,3,gaussian,2,1,3,0.06514132022857666,0.08361254632472992,0.9643011093139648
10,4,gaussian,2,1,3,0.058250248432159424,0.0830383449792862,0.9429371953010559
10,5,gaussian,2,1,3,0.06004828214645386,0.08318779617547989,0.9071122407913208
10,6,gaussian,2,1,3,0.06675183773040771,0.08374731242656708,0.9459601044654846
10,7,gaussian,2,1,3,0.06459367275238037,0.08356676995754242,0.951678991317749
10,8,gaussian,2,1,3,0.06203705072402954,0.08335339277982712,0.9395322203636169
10,9,gaussian,2,1,3,0.060028791427612305,0.08318617194890976,0.9639535546302795
11,0,gaussian,2,1,3,0.5670688152313232,0.13803058862686157,22.859155654907227
11,1,gaussian,2,1,3,0.5700926780700684,0.1384485960006714,22.844608306884766
11,2,gaussian,2,1,3,0.5678579211235046,0.138139545917511,22.694293975830078
11,3,gaussian,2,1,3,0.07074058055877686,0.0840277448296547,0.9325692057609558
11,4,gaussian,2,1,3,0.06850486993789673,0.08384008705615997,0.924866795539856
11,5,gaussian,2,1,3,0.060362279415130615,0.08316019177436829,0.912569522857666
11,6,gaussian,2,1,3,0.059946656227111816,0.08312562853097916,0.9101258516311646
11,7,gaussian,2,1,3,0.0682801604270935,0.08382125943899155,0.9319778084754944
11,8,gaussian,2,1,3,0.06629598140716553,0.08365509659051895,0.9293287992477417
11,9,gaussian,2,1,3,0.06744396686553955,0.08375118672847748,0.9588771462440491
12,0,gaussian,2,1,3,0.5735956430435181,0.1391446441411972,22.624460220336914
12,1,gaussian,2,1,3,0.5691079497337341,0.13852161169052124,22.75049591064453
12,2,gaussian,2,1,3,0.5691957473754883,0.13853377103805542,22.7327938079834
12,3,gaussian,2,1,3,0.05896031856536865,0.08316933363676071,0.9240690469741821
12,4,gaussian,2,1,3,0.06249910593032837,0.08346417546272278,0.9340900182723999
12,5,gaussian,2,1,3,0.056459128856658936,0.0829615667462349,0.9135339260101318
12,6,gaussian,2,1,3,0.06401097774505615,0.08359045535326004,0.9355389475822449
12,7,gaussian,2,1,3,0.0580824613571167,0.08309635519981384,0.9493723511695862
12,8,gaussian,2,1,3,0.06527048349380493,0.08369580656290054,0.9113126993179321
12,9,gaussian,2,1,3,0.06677931547164917,0.08382218331098557,0.9384267330169678
13,0,gaussian,2,1,3,0.576737105846405,0.13996584713459015,22.816591262817383
13,1,gaussian,2,1,3,0.5702067017555237,0.1390547901391983,22.715940475463867
13,2,gaussian,2,1,3,0.5736234188079834,0.1395307183265686,22.76416778564453
13,3,gaussian,2,1,3,0.055059850215911865,0.08307311683893204,0.9170954823493958
13,4,gaussian,2,1,3,0.056578755378723145,0.0831993967294693,0.945304811000824
13,5,gaussian,2,1,3,0.057382047176361084,0.0832662582397461,0.9347214698791504
13,6,gaussian,2,1,3,0.0557171106338501,0.08312773704528809,0.9217433929443359
13,7,gaussian,2,1,3,0.053430020809173584,0.08293783664703369,0.927358090877533
13,8,gaussian,2,1,3,0.05403745174407959,0.08298822492361069,0.9101484417915344
13,9,gaussian,2,1,3,0.0524442195892334,0.08285611122846603,0.9006113409996033
14,0,gaussian,2,1,3,0.5738914012908936,0.13937397301197052,22.88780975341797
14,1,gaussian,2,1,3,0.5706419348716736,0.1389218121767044,22.64153480529785
14,2,gaussian,2,1,3,0.571601152420044,0.13905513286590576,22.71824073791504
14,3,gaussian,2,1,3,0.04608571529388428,0.08221642673015594,0.9089376330375671
14,4,gaussian,2,1,3,0.060114383697509766,0.08337794244289398,0.9270034432411194
14,5,gaussian,2,1,3,0.05823564529418945,0.0832214429974556,0.939710795879364
14,6,gaussian,2,1,3,0.05371212959289551,0.08284583687782288,0.9125677347183228
14,7,gaussian,2,1,3,0.06238025426864624,0.0835670754313469,0.9291547536849976
14,8,gaussian,2,1,3,0.06201833486557007,0.08353683352470398,0.9138160347938538
14,9,gaussian,2,1,3,0.06615990400314331,0.08388352394104004,0.9084233045578003
15,0,gaussian,2,1,3,0.5704457759857178,0.13842596113681793,22.7087459564209
15,1,gaussian,2,1,3,0.571847677230835,0.13862015306949615,22.749723434448242
15,2,gaussian,2,1,3,0.5739786624908447,0.13891586661338806,22.796688079833984
15,3,gaussian,2,1,3,0.062052905559539795,0.08325786888599396,0.9356532096862793
15,4,gaussian,2,1,3,0.06559914350509644,0.08355364948511124,0.9251226186752319
15,5,gaussian,2,1,3,0.07098281383514404,0.08400468528270721,0.9263098835945129
15,6,gaussian,2,1,3,0.059321820735931396,0.08303079754114151,0.917151927947998
15,7,gaussian,2,1,3,0.06527382135391235,0.08352647721767426,0.9099380970001221
15,8,gaussian,2,1,3,0.06668472290039062,0.08364440500736237,0.9182142019271851
15,9,gaussian,2,1,3,0.05919301509857178,0.08302011340856552,0.8752265572547913
16,0,gaussian,2,1,3,0.5723768472671509,0.13942059874534607,22.685462951660156
16,1,gaussian,2,1,3,0.571743369102478,0.13933229446411133,22.731292724609375
16,2,gaussian,2,1,3,0.5771870613098145,0.1400928497314453,22.723819732666016
16,3,gaussian,2,1,3,0.058759868144989014,0.08341918140649796,0.9085134863853455
16,4,gaussian,2,1,3,0.05245751142501831,0.08289509266614914,0.9076197743415833
16,5,gaussian,2,1,3,0.055598437786102295,0.08315587043762207,0.890633225440979
16,6,gaussian,2,1,3,0.049355387687683105,0.08263833820819855,0.928061842918396
16,7,gaussian,2,1,3,0.051927268505096436,0.08285114914178848,0.8869194388389587
16,8,gaussian,2,1,3,0.058842241764068604,0.08342605084180832,0.9009715914726257
16,9,gaussian,2,1,3,0.05093032121658325,0.08276858925819397,0.8914202451705933
17,0,gaussian,2,1,3,0.566778302192688,0.1385335475206375,22.77635383605957
17,1,gaussian,2,1,3,0.5711759328842163,0.13914410769939423,22.760026931762695
17,2,gaussian,2,1,3,0.5741299390792847,0.13955575227737427,22.822582244873047
17,3,gaussian,2,1,3,0.058501601219177246,0.08333227038383484,0.9006900787353516
17,4,gaussian,2,1,3,0.054662346839904785,0.08301295340061188,0.9075925946235657
17,5,gaussian,2,1,3,0.05782347917556763,0.08327578008174896,0.9122456312179565
17,6,gaussian,2,1,3,0.058048129081726074,0.08329448848962784,0.9073150753974915
17,7,gaussian,2,1,3,0.05901467800140381,0.08337503671646118,0.8944697976112366
17,8,gaussian,2,1,3,0.06125450134277344,0.08356199413537979,0.8982353210449219
17,9,gaussian,2,1,3,0.05346953868865967,0.08291398733854294,0.8881277441978455
18,0,gaussian,2,1,3,0.5700972676277161,0.13920873403549194,22.81839942932129
18,1,gaussian,2,1,3,0.5723905563354492,0.13952834904193878,22.74164390563965
18,2,gaussian,2,1,3,0.5692834854125977,0.1390955001115799,22.80687713623047
18,3,gaussian,2,1,3,0.05269896984100342,0.08297805488109589,0.8940693736076355
18,4,gaussian,2,1,3,0.051661550998687744,0.0828920230269432,0.9062942266464233
18,5,gaussian,2,1,3,0.05701863765716553,0.08333726972341537,0.8996438980102539
18,6,gaussian,2,1,3,0.0609363317489624,0.08366440236568451,0.9164690375328064
18,7,gaussian,2,1,3,0.0520167350769043,0.08292146772146225,0.8851698040962219
18,8,gaussian,2,1,3,0.05560427904129028,0.0832194834947586,0.8990265727043152
18,9,gaussian,2,1,3,0.05482590198516846,0.08315473049879074,0.8968445062637329
19,0,gaussian,2,1,3,0.5718753337860107,0.13983476161956787,22.80132484436035
19,1,gaussian,2,1,3,0.5726090669631958,0.1399374008178711,22.856054306030273
19,2,gaussian,2,1,3,0.5693778395652771,0.13948595523834229,22.614234924316406
19,3,gaussian,2,1,3,0.047788798809051514,0.08279559761285782,0.9085958003997803
19,4,gaussian,2,1,3,0.04939234256744385,0.08292847126722336,0.9138461351394653
19,5,gaussian,2,1,3,0.04978311061859131,0.08296088129281998,0.8934746384620667
19,6,gaussian,2,1,3,0.050093770027160645,0.08298666775226593,0.8929725289344788
19,7,gaussian,2,1,3,0.04935121536254883,0.08292505890130997,0.8987667560577393
19,8,gaussian,2,1,3,0.05122268199920654,0.08308040350675583,0.8951573371887207
19,9,gaussian,2,1,3,0.05103456974029541,0.08306477218866348,0.893679678440094
20,0,gaussian,2,1,3,0.5738452672958374,0.13975952565670013,22.718732833862305
20,1,gaussian,2,1,3,0.5676483511924744,0.1388961225748062,22.738399505615234
20,2,gaussian,2,1,3,0.5747475624084473,0.13988567888736725,22.81405258178711
20,3,gaussian,2,1,3,0.05039966106414795,0.08280409872531891,0.9004589319229126
20,4,gaussian,2,1,3,0.053492963314056396,0.08306063711643219,0.9345138072967529
20,5,gaussian,2,1,3,0.06100195646286011,0.08368668705224991,0.9062249660491943
20,6,gaussian,2,1,3,0.05355721712112427,0.08306597918272018,0.9017243385314941
20,7,gaussian,2,1,3,0.05438178777694702,0.0831344947218895,0.8828326463699341
20,8,gaussian,2,1,3,0.04797565937042236,0.08260362595319748,0.8850714564323425
20,9,gaussian,2,1,3,0.05400514602661133,0.08310318738222122,0.9044961333274841
21,0,gaussian,2,1,3,0.5763570666313171,0.13981322944164276,22.700693130493164
21,1,gaussian,2,1,3,0.5709223747253418,0.13905544579029083,22.763750076293945
21,2,gaussian,2,1,3,0.5705851316452026,0.139008566737175,22.772871017456055
21,3,gaussian,2,1,3,0.05357235670089722,0.08289068192243576,0.919861912727356
21,4,gaussian,2,1,3,0.06105846166610718,0.08351355046033859,0.9110287427902222
21,5,gaussian,2,1,3,0.057918429374694824,0.08325172960758209,0.8637464046478271
21,6,gaussian,2,1,3,0.05590975284576416,0.08308466523885727,0.8976869583129883
21,7,gaussian,2,1,3,0.051633238792419434,0.08273011445999146,0.8678914308547974
21,8,gaussian,2,1,3,0.06108975410461426,0.08351615816354752,0.9222080707550049
21,9,gaussian,2,1,3,0.056526124477386475,0.08313588798046112,0.8917130827903748
22,0,gaussian,2,1,3,0.5706241130828857,0.1392032653093338,22.745176315307617
22,1,gaussian,2,1,3,0.5706236362457275,0.13920319080352783,22.797286987304688
22,2,gaussian,2,1,3,0.5710486173629761,0.1392623633146286,22.703760147094727
22,3,gaussian,2,1,3,0.05743896961212158,0.08332511782646179,0.91546231508255
22,4,gaussian,2,1,3,0.05740809440612793,0.08332254737615585,0.9071065187454224
22,5,gaussian,2,1,3,0.050904154777526855,0.08278238028287888,0.8525000214576721
22,6,gaussian,2,1,3,0.054361164569854736,0.08306904882192612,0.8771010041236877
22,7,gaussian,2,1,3,0.05371659994125366,0.08301553130149841,0.8727107644081116
22,8,gaussian,2,1,3,0.059439659118652344,0.0834919884800911,0.9001402854919434
22,9,gaussian,2,1,3,0.05743211507797241,0.08332454413175583,0.8835289478302002
23,0,gaussian,2,1,3,0.5776606202125549,0.14031383395195007,22.84286880493164
23,1,gaussian,2,1,3,0.5675352811813354,0.1389002799987793,22.736040115356445
23,2,gaussian,2,1,3,0.5760656595230103,0.140090212225914,22.780046463012695
23,3,gaussian,2,1,3,0.04944556951522827,0.08273696899414062,0.9030016660690308
23,4,gaussian,2,1,3,0.04587799310684204,0.08244232833385468,0.8586363792419434
23,5,gaussian,2,1,3,0.05977177619934082,0.08359575271606445,0.8736666440963745
23,6,gaussian,2,1,3,0.04908406734466553,0.08270706981420517,0.8717334866523743
23,7,gaussian,2,1,3,0.048006415367126465,0.08261798322200775,0.8769151568412781
23,8,gaussian,2,1,3,0.05396068096160889,0.08311138302087784,0.890789270401001
23,9,gaussian,2,1,3,0.05843597650527954,0.08348415791988373,0.8772025108337402
24,0,gaussian,2,1,3,0.5697115659713745,0.13918162882328033,22.79598045349121
24,1,gaussian,2,1,3,0.5656195878982544,0.1386132687330246,22.716962814331055
24,2,gaussian,2,1,3,0.5673248767852783,0.13884983956813812,22.670001983642578
24,3,gaussian,2,1,3,0.05816107988357544,0.08344846963882446,0.893871545791626
24,4,gaussian,2,1,3,0.05634427070617676,0.083296999335289,0.8902562260627747
24,5,gaussian,2,1,3,0.05977433919906616,0.08358319848775864,0.8564299941062927
24,6,gaussian,2,1,3,0.05479907989501953,0.0831683874130249,0.8901159763336182
24,7,gaussian,2,1,3,0.0569382905960083,0.08334648609161377,0.894020676612854
24,8,gaussian,2,1,3,0.05742979049682617,0.08338746428489685,0.8830284476280212
24,9,gaussian,2,1,3,0.05426746606826782,0.08312418311834335,0.8566511869430542
25,0,gaussian,2,1,3,0.5747218132019043,0.13999813795089722,22.89397621154785
25,1,gaussian,2,1,3,0.5758479237556458,0.1401558816432953,22.62065315246582
25,2,gaussian,2,1,3,0.574334979057312,0.13994398713111877,22.6899471282959
25,3,gaussian,2,1,3,0.0499151349067688,0.08283266425132751,0.8767222166061401
25,4,gaussian,2,1,3,0.05027461051940918,0.08286244422197342,0.8593374490737915
25,5,gaussian,2,1,3,0.04639202356338501,0.08254134654998779,0.8395653367042542
25,6,gaussian,2,1,3,0.050852417945861816,0.08291033655405045,0.8757539391517639
25,7,gaussian,2,1,3,0.05253314971923828,0.08304980397224426,0.8896920680999756
25,8,gaussian,2,1,3,0.04929769039154053,0.08278153091669083,0.8623082041740417
25,9,gaussian,2,1,3,0.05101585388183594,0.08292388916015625,0.8661162257194519
26,0,gaussian,2,1,3,0.5735615491867065,0.13950981199741364,22.773822784423828
26,1,gaussian,2,1,3,0.5738774538040161,0.13955388963222504,22.614181518554688
26,2,gaussian,2,1,3,0.5726651549339294,0.13938480615615845,22.759441375732422
26,3,gaussian,2,1,3,0.04766756296157837,0.08245403319597244,0.8739805817604065
26,4,gaussian,2,1,3,0.05690634250640869,0.08321933448314667,0.867781400680542
26,5,gaussian,2,1,3,0.05946284532546997,0.08343235403299332,0.8564817309379578
26,6,gaussian,2,1,3,0.05178642272949219,0.08279435336589813,0.8771605491638184
26,7,gaussian,2,1,3,0.056349754333496094,0.08317302912473679,0.9006639719009399
26,8,gaussian,2,1,3,0.057254672050476074,0.0832483246922493,0.8601943850517273
26,9,gaussian,2,1,3,0.057035744190216064,0.08323010802268982,0.8798537850379944
27,0,gaussian,2,1,3,0.5768296718597412,0.1399824023246765,22.70916748046875
27,1,gaussian,2,1,3,0.573542594909668,0.13952302932739258,22.69005584716797
27,2,gaussian,2,1,3,0.5724320411682129,0.13936816155910492,22.839548110961914
27,3,gaussian,2,1,3,0.05530261993408203,0.08309543132781982,0.8861724138259888
27,4,gaussian,2,1,3,0.05483788251876831,0.08305681496858597,0.8706892132759094
27,5,gaussian,2,1,3,0.047579288482666016,0.08245612680912018,0.8411827087402344
27,6,gaussian,2,1,3,0.05755215883255005,0.08328256756067276,0.8733400106430054
27,7,gaussian,2,1,3,0.04864567518234253,0.08254409581422806,0.8551619052886963
27,8,gaussian,2,1,3,0.05747503042221069,0.08327614516019821,0.8528202176094055
27,9,gaussian,2,1,3,0.059143126010894775,0.08341517299413681,0.8501226902008057
28,0,gaussian,2,1,3,0.5721536874771118,0.1405586302280426,22.744991302490234
28,1,gaussian,2,1,3,0.5736261606216431,0.14076575636863708,22.856346130371094
28,2,gaussian,2,1,3,0.5695329904556274,0.1401907503604889,22.753841400146484
28,3,gaussian,2,1,3,0.031143486499786377,0.08182759582996368,0.8611820340156555
28,4,gaussian,2,1,3,0.04196041822433472,0.08271752297878265,0.8433805704116821
28,5,gaussian,2,1,3,0.04662603139877319,0.08310434967279434,0.8638845086097717
28,6,gaussian,2,1,3,0.04334980249404907,0.08283253014087677,0.859691858291626
28,7,gaussian,2,1,3,0.037154316902160645,0.0823209285736084,0.8614760637283325
28,8,gaussian,2,1,3,0.0450555682182312,0.08297394216060638,0.8631394505500793
28,9,gaussian,2,1,3,0.04184448719024658,0.08270793408155441,0.8467555046081543
29,0,gaussian,2,1,3,0.5729801654815674,0.13991712033748627,22.731290817260742
29,1,gaussian,2,1,3,0.5700114965438843,0.1395023763179779,22.67276954650879
29,2,gaussian,2,1,3,0.5710943341255188,0.1396535038948059,22.791959762573242
29,3,gaussian,2,1,3,0.0478859543800354,0.08276092261075974,0.890017032623291
29,4,gaussian,2,1,3,0.05447423458099365,0.08330797404050827,0.8445015549659729
29,5,gaussian,2,1,3,0.054470598697662354,0.0833076760172844,0.8580266833305359
29,6,gaussian,2,1,3,0.04639667272567749,0.08263776451349258,0.8492805361747742
29,7,gaussian,2,1,3,0.052969396114349365,0.08318270742893219,0.8791581392288208
29,8,gaussian,2,1,3,0.04712432622909546,0.08269792050123215,0.8608059883117676
29,9,gaussian,2,1,3,0.051157236099243164,0.08303210884332657,0.8561760187149048
30,0,gaussian,2,1,3,0.5722588300704956,0.13955318927764893,22.71664047241211
30,1,gaussian,2,1,3,0.5672607421875,0.13885743916034698,22.566633224487305
30,2,gaussian,2,1,3,0.5745577812194824,0.1398743838071823,22.739431381225586
30,3,gaussian,2,1,3,0.05988430976867676,0.08360231667757034,0.8943052291870117
30,4,gaussian,2,1,3,0.05606478452682495,0.08328360319137573,0.8519055843353271
30,5,gaussian,2,1,3,0.05375915765762329,0.08309181034564972,0.8330971598625183
30,6,gaussian,2,1,3,0.04997110366821289,0.08277764916419983,0.8514100909233093
30,7,gaussian,2,1,3,0.047033727169036865,0.08253485709428787,0.8632922172546387
30,8,gaussian,2,1,3,0.05162233114242554,0.08291444182395935,0.8631141185760498
30,9,gaussian,2,1,3,0.058783531188964844,0.08351034671068192,0.8463320136070251
31,0,gaussian,2,1,3,0.5739808678627014,0.1397874355316162,22.67134666442871
31,1,gaussian,2,1,3,0.5701797008514404,0.13925708830356598,22.748584747314453
31,2,gaussian,2,1,3,0.5761671662330627,0.1400933861732483,22.755111694335938
31,3,gaussian,2,1,3,0.05079764127731323,0.0828423723578453,0.8819711208343506
31,4,gaussian,2,1,3,0.05258584022521973,0.08299064636230469,0.8618465662002563
31,5,gaussian,2,1,3,0.050111353397369385,0.08278553932905197,0.8264819383621216
31,6,gaussian,2,1,3,0.052433550357818604,0.08297800272703171,0.8554381728172302
31,7,gaussian,2,1,3,0.05729192495346069,0.08338212966918945,0.871295690536499
31,8,gaussian,2,1,3,0.05306077003479004,0.08303006738424301,0.868657648563385
31,9,gaussian,2,1,3,0.05093050003051758,0.08285338431596756,0.8263664841651917
32,0,gaussian,2,1,3,0.5772551894187927,0.14054875075817108,22.8447322845459
32,1,gaussian,2,1,3,0.5684072971343994,0.13931067287921906,22.610549926757812
32,2,gaussian,2,1,3,0.567527711391449,0.13918818533420563,22.683544158935547
32,3,gaussian,2,1,3,0.053596556186676025,0.08325397223234177,0.8718670010566711
32,4,gaussian,2,1,3,0.05652981996536255,0.0834985300898552,0.8697389960289001
32,5,gaussian,2,1,3,0.05149561166763306,0.08307923376560211,0.8614073395729065
32,6,gaussian,2,1,3,0.046529293060302734,0.08266766369342804,0.8425825834274292
32,7,gaussian,2,1,3,0.04626047611236572,0.08264544606208801,0.8680625557899475
32,8,gaussian,2,1,3,0.04775458574295044,0.08276902139186859,0.8605946898460388
32,9,gaussian,2,1,3,0.05100524425506592,0.08303850889205933,0.8290278911590576
33,0,gaussian,2,1,3,0.5711695551872253,0.13966290652751923,22.695236206054688
33,1,gaussian,2,1,3,0.57024085521698,0.13953326642513275,22.759435653686523
33,2,gaussian,2,1,3,0.5683445930480957,0.1392689198255539,22.76116180419922
33,3,gaussian,2,1,3,0.04862016439437866,0.08282104879617691,0.853127658367157
33,4,gaussian,2,1,3,0.05057114362716675,0.08298280090093613,0.8313251733779907
33,5,gaussian,2,1,3,0.050836026668548584,0.08300478011369705,0.8593601584434509
33,6,gaussian,2,1,3,0.05616730451583862,0.08344848453998566,0.8691051006317139
33,7,gaussian,2,1,3,0.048443377017974854,0.08280641585588455,0.8634529113769531
33,8,gaussian,2,1,3,0.05379331111907959,0.08325060456991196,0.8476605415344238
33,9,gaussian,2,1,3,0.05343443155288696,0.08322073519229889,0.8434770703315735
34,0,gaussian,2,1,3,0.57595294713974,0.14045727252960205,22.851560592651367
34,1,gaussian,2,1,3,0.5762593746185303,0.14050032198429108,22.74246597290039
34,2,gaussian,2,1,3,0.5722272992134094,0.1399349570274353,22.62867546081543
34,3,gaussian,2,1,3,0.04011267423629761,0.08219242095947266,0.8357942700386047
34,4,gaussian,2,1,3,0.049371302127838135,0.0829569399356842,0.8424529433250427
34,5,gaussian,2,1,3,0.049783945083618164,0.08299118280410767,0.8412549495697021
34,6,gaussian,2,1,3,0.04990696907043457,0.08300139009952545,0.841724693775177
34,7,gaussian,2,1,3,0.045139431953430176,0.08260662108659744,0.8596961498260498
34,8,gaussian,2,1,3,0.048454999923706055,0.08288096636533737,0.842257022857666
34,9,gaussian,2,1,3,0.04358112812042236,0.08247799426317215,0.8108266592025757
35,0,gaussian,2,1,3,0.5683192014694214,0.13957786560058594,22.746173858642578
35,1,gaussian,2,1,3,0.5718929767608643,0.1400775909423828,22.77821159362793
35,2,gaussian,2,1,3,0.5752703547477722,0.14055147767066956,22.79619026184082
35,3,gaussian,2,1,3,0.05314725637435913,0.08338352292776108,0.8588398694992065
35,4,gaussian,2,1,3,0.04334670305252075,0.08257031440734863,0.8450596332550049
35,5,gaussian,2,1,3,0.04496026039123535,0.08270364999771118,0.8274219632148743
35,6,gaussian,2,1,3,0.0407872200012207,0.08235923945903778,0.8112189173698425
35,7,gaussian,2,1,3,0.048270225524902344,0.08297784626483917,0.8574410080909729
35,8,gaussian,2,1,3,0.052039504051208496,0.0832912027835846,0.8678725957870483
35,9,gaussian,2,1,3,0.042582809925079346,0.08250725269317627,0.831248939037323
36,0,gaussian,2,1,3,0.5736130475997925,0.13973122835159302,22.734582901000977
36,1,gaussian,2,1,3,0.5733140707015991,0.13968946039676666,22.76209831237793
36,2,gaussian,2,1,3,0.5708343982696533,0.1393435001373291,22.72439193725586
36,3,gaussian,2,1,3,0.051988422870635986,0.08293823152780533,0.8493919372558594
36,4,gaussian,2,1,3,0.04642695188522339,0.08247825503349304,0.8447099924087524
36,5,gaussian,2,1,3,0.05450814962387085,0.08314748108386993,0.8468438982963562
36,6,gaussian,2,1,3,0.05453270673751831,0.08314952254295349,0.8546051383018494
36,7,gaussian,2,1,3,0.05522143840789795,0.08320680260658264,0.8679748773574829
36,8,gaussian,2,1,3,0.05127662420272827,0.0828792154788971,0.8350998163223267
36,9,gaussian,2,1,3,0.05797654390335083,0.08343636989593506,0.8665297627449036
37,0,gaussian,2,1,3,0.5702687501907349,0.1393170952796936,22.6485595703125
37,1,gaussian,2,1,3,0.5686813592910767,0.13909612596035004,22.7857608795166
37,2,gaussian,2,1,3,0.576048731803894,0.14012467861175537,22.87271499633789
37,3,gaussian,2,1,3,0.051850318908691406,0.08295797556638718,0.8435009717941284
37,4,gaussian,2,1,3,0.05669206380844116,0.08336061239242554,0.8694660067558289
37,5,gaussian,2,1,3,0.055734455585479736,0.08328083157539368,0.8286153674125671
37,6,gaussian,2,1,3,0.04712271690368652,0.08256670832633972,0.8496838212013245
37,7,gaussian,2,1,3,0.0556216835975647,0.08327142894268036,0.8546732664108276
37,8,gaussian,2,1,3,0.0547029972076416,0.08319497108459473,0.8495806455612183
37,9,gaussian,2,1,3,0.050300657749176025,0.08282951265573502,0.8480897545814514
38,0,gaussian,2,1,3,0.5736055374145508,0.1397842913866043,22.7520809173584
38,1,gaussian,2,1,3,0.568529486656189,0.13907654583454132,22.716588973999023
38,2,gaussian,2,1,3,0.5768828988075256,0.14024317264556885,22.876741409301758
38,3,gaussian,2,1,3,0.05285733938217163,0.08304248005151749,0.8373885750770569
38,4,gaussian,2,1,3,0.0512729287147522,0.08291100710630417,0.8379743695259094
38,5,gaussian,2,1,3,0.04719763994216919,0.08257380872964859,0.8151013851165771
38,6,gaussian,2,1,3,0.05471336841583252,0.08319675177335739,0.8536711931228638
38,7,gaussian,2,1,3,0.049361586570739746,0.08275268971920013,0.8277532458305359
38,8,gaussian,2,1,3,0.057517170906066895,0.08343034982681274,0.8387633562088013
38,9,gaussian,2,1,3,0.052210330963134766,0.08298876881599426,0.832131564617157
39,0,gaussian,2,1,3,0.5723017454147339,0.13962098956108093,22.723833084106445
39,1,gaussian,2,1,3,0.5697506666183472,0.1392652541399002,22.69403076171875
39,2,gaussian,2,1,3,0.5766382217407227,0.1402277648448944,22.793033599853516
39,3,gaussian,2,1,3,0.046978116035461426,0.08256682008504868,0.8249034285545349
39,4,gaussian,2,1,3,0.05268597602844238,0.08303944766521454,0.8548648953437805
39,5,gaussian,2,1,3,0.054459571838378906,0.08318685740232468,0.814755380153656
39,6,gaussian,2,1,3,0.0534062385559082,0.08309928327798843,0.8399810791015625
39,7,gaussian,2,1,3,0.04679757356643677,0.08255191147327423,0.8485771417617798
39,8,gaussian,2,1,3,0.0518345832824707,0.08296877890825272,0.8177085518836975
39,9,gaussian,2,1,3,0.05789083242416382,0.08347278833389282,0.8471401929855347
40,0,gaussian,2,1,3,0.5678199529647827,0.13928952813148499,22.671031951904297
40,1,gaussian,2,1,3,0.5775336623191833,0.14064913988113403,22.78976058959961
40,2,gaussian,2,1,3,0.566096305847168,0.13904964923858643,22.663135528564453
40,3,gaussian,2,1,3,0.05315333604812622,0.08325332403182983,0.8203922510147095
40,4,gaussian,2,1,3,0.051371216773986816,0.08310509473085403,0.8560265302658081
40,5,gaussian,2,1,3,0.04817777872085571,0.08284012973308563,0.8306757807731628
40,6,gaussian,2,1,3,0.04822927713394165,0.08284438401460648,0.8228263258934021
40,7,gaussian,2,1,3,0.045237064361572266,0.08259687572717667,0.85117506980896
40,8,gaussian,2,1,3,0.05437910556793213,0.08335543423891068,0.8157545924186707
40,9,gaussian,2,1,3,0.05030471086502075,0.08301650732755661,0.7994340658187866
41,0,gaussian,2,1,3,0.5729776620864868,0.14021606743335724,22.684053421020508
41,1,gaussian,2,1,3,0.576265811920166,0.14067786931991577,22.754364013671875
41,2,gaussian,2,1,3,0.5711078643798828,0.13995413482189178,22.741413116455078
41,3,gaussian,2,1,3,0.04316288232803345,0.0825471580028534,0.8240693211555481
41,4,gaussian,2,1,3,0.04215770959854126,0.08246422559022903,0.8377668857574463
41,5,gaussian,2,1,3,0.0491294264793396,0.08304115384817123,0.8432583212852478
41,6,gaussian,2,1,3,0.0472111701965332,0.08288200944662094,0.8245144486427307
41,7,gaussian,2,1,3,0.04109162092208862,0.08237636089324951,0.8624580502510071
41,8,gaussian,2,1,3,0.04488551616668701,0.08268947899341583,0.8092082142829895
41,9,gaussian,2,1,3,0.050457656383514404,0.08315152674913406,0.8349125385284424
42,0,gaussian,2,1,3,0.568814754486084,0.13910824060440063,22.726943969726562
42,1,gaussian,2,1,3,0.5615989565849304,0.13810808956623077,22.62846565246582
42,2,gaussian,2,1,3,0.573415994644165,0.13974979519844055,22.795276641845703
42,3,gaussian,2,1,3,0.050891220569610596,0.08287461847066879,0.842710554599762
42,4,gaussian,2,1,3,0.055937230587005615,0.0832938626408577,0.8392334580421448
42,5,gaussian,2,1,3,0.06075549125671387,0.0836961641907692,0.8379760980606079
42,6,gaussian,2,1,3,0.053809285163879395,0.0831168070435524,0.8171088099479675
42,7,gaussian,2,1,3,0.055179715156555176,0.08323078602552414,0.8564421534538269
42,8,gaussian,2,1,3,0.05246621370315552,0.08300525695085526,0.8182436227798462
42,9,gaussian,2,1,3,0.06219124794006348,0.08381641656160355,0.8182432651519775
43,0,gaussian,2,1,3,0.5724672079086304,0.1396896243095398,22.722902297973633
43,1,gaussian,2,1,3,0.5698586702346802,0.13932570815086365,22.72681427001953
43,2,gaussian,2,1,3,0.570766806602478,0.13945229351520538,22.77196502685547
43,3,gaussian,2,1,3,0.05531477928161621,0.08328517526388168,0.8511085510253906
43,4,gaussian,2,1,3,0.05503201484680176,0.0832616314291954,0.8434595465660095
43,5,gaussian,2,1,3,0.05494093894958496,0.08325404673814774,0.8216714859008789
43,6,gaussian,2,1,3,0.0544666051864624,0.08321455866098404,0.83054518699646
43,7,gaussian,2,1,3,0.049608051776885986,0.08281124383211136,0.8397616147994995
43,8,gaussian,2,1,3,0.05552715063095093,0.08330287039279938,0.8262532949447632
43,9,gaussian,2,1,3,0.04466426372528076,0.08240285515785217,0.8088721036911011
44,0,gaussian,2,1,3,0.5683040618896484,0.13955892622470856,22.678632736206055
44,1,gaussian,2,1,3,0.5718635320663452,0.1400565654039383,22.739025115966797
44,2,gaussian,2,1,3,0.5755919218063354,0.1405797302722931,22.808917999267578
44,3,gaussian,2,1,3,0.04911309480667114,0.08303780108690262,0.850801408290863
44,4,gaussian,2,1,3,0.0470772385597229,0.08286891877651215,0.8417966365814209
44,5,gaussian,2,1,3,0.043900907039642334,0.08260612189769745,0.8229824900627136
44,6,gaussian,2,1,3,0.048193156719207764,0.08296145498752594,0.8244084715843201
44,7,gaussian,2,1,3,0.04704493284225464,0.08286624401807785,0.8348692655563354
44,8,gaussian,2,1,3,0.04487335681915283,0.08268649131059647,0.8059019446372986
44,9,gaussian,2,1,3,0.0459781289100647,0.08277788758277893,0.8199593424797058
45,0,gaussian,2,1,3,0.5689870119094849,0.13888145983219147,22.657684326171875
45,1,gaussian,2,1,3,0.5719586610794067,0.13929477334022522,22.78399658203125
45,2,gaussian,2,1,3,0.5697101354598999,0.1389819085597992,22.766294479370117
45,3,gaussian,2,1,3,0.05399322509765625,0.08298226445913315,0.8175792098045349
45,4,gaussian,2,1,3,0.06655013561248779,0.08403083682060242,0.8234714865684509
45,5,gaussian,2,1,3,0.05977290868759155,0.08346325904130936,0.810858964920044
45,6,gaussian,2,1,3,0.05798858404159546,0.08331447094678879,0.8063696622848511
45,7,gaussian,2,1,3,0.051008641719818115,0.08273496478796005,0.8316430449485779
45,8,gaussian,2,1,3,0.05981636047363281,0.08346688747406006,0.8125123977661133
45,9,gaussian,2,1,3,0.05238795280456543,0.0828491598367691,0.8085014820098877
46,0,gaussian,2,1,3,0.57366544008255,0.1397838294506073,22.71904945373535
46,1,gaussian,2,1,3,0.5705589652061462,0.1393502652645111,22.661582946777344
46,2,gaussian,2,1,3,0.5736368894577026,0.13977983593940735,22.728084564208984
46,3,gaussian,2,1,3,0.061300456523895264,0.08374129235744476,0.8145591616630554
46,4,gaussian,2,1,3,0.05274456739425659,0.08302786946296692,0.8125442862510681
46,5,gaussian,2,1,3,0.04935002326965332,0.08274650573730469,0.8072693347930908
46,6,gaussian,2,1,3,0.05205512046813965,0.08297064900398254,0.8062505722045898
46,7,gaussian,2,1,3,0.04865461587905884,0.08268897980451584,0.8286173343658447
46,8,gaussian,2,1,3,0.05137145519256592,0.08291394263505936,0.8196759819984436
46,9,gaussian,2,1,3,0.05237168073654175,0.0829969123005867,0.8153842687606812
47,0,gaussian,2,1,3,0.5732015371322632,0.14030015468597412,22.870187759399414
47,1,gaussian,2,1,3,0.574113130569458,0.1404281109571457,22.803150177001953
47,2,gaussian,2,1,3,0.5728095173835754,0.14024516940116882,22.78832244873047
47,3,gaussian,2,1,3,0.04582786560058594,0.082798533141613,0.810434877872467
47,4,gaussian,2,1,3,0.03850066661834717,0.08219407498836517,0.8141199350357056
47,5,gaussian,2,1,3,0.04745888710021973,0.0829336941242218,0.8150169849395752
47,6,gaussian,2,1,3,0.0388331413269043,0.08222141116857529,0.7936681509017944
47,7,gaussian,2,1,3,0.04798579216003418,0.08297740668058395,0.8572863936424255
47,8,gaussian,2,1,3,0.0435674786567688,0.08261159807443619,0.8084962368011475
47,9,gaussian,2,1,3,0.05174356698989868,0.08328980952501297,0.8026621341705322
48,0,gaussian,2,1,3,0.5765076875686646,0.14046473801136017,22.9041748046875
48,1,gaussian,2,1,3,0.5686322450637817,0.1393628567457199,22.87417221069336
48,2,gaussian,2,1,3,0.5738363265991211,0.1400900036096573,22.855056762695312
48,3,gaussian,2,1,3,0.048871517181396484,0.08287391811609268,0.8370927572250366
48,4,gaussian,2,1,3,0.04727470874786377,0.08274168521165848,0.8336195349693298
48,5,gaussian,2,1,3,0.046354055404663086,0.08266554772853851,0.8138093948364258
48,6,gaussian,2,1,3,0.05219471454620361,0.08314977586269379,0.8347719311714172
48,7,gaussian,2,1,3,0.040773093700408936,0.08220547437667847,0.8242174386978149
48,8,gaussian,2,1,3,0.05124306678771973,0.08307068049907684,0.826890230178833
48,9,gaussian,2,1,3,0.05490309000015259,0.08337528258562088,0.8037614226341248
49,0,gaussian,2,1,3,0.5706976652145386,0.1394323706626892,22.86671257019043
49,1,gaussian,2,1,3,0.5742005109786987,0.139921635389328,22.839397430419922
49,2,gaussian,2,1,3,0.5719844102859497,0.13961189985275269,22.636796951293945
49,3,gaussian,2,1,3,0.052767157554626465,0.08306713402271271,0.827120304107666
49,4,gaussian,2,1,3,0.0576360821723938,0.08347256481647491,0.8620855212211609
49,5,gaussian,2,1,3,0.05008894205093384,0.08284495770931244,0.816667377948761
49,6,gaussian,2,1,3,0.05144995450973511,0.08295778930187225,0.8237054347991943
49,7,gaussian,2,1,3,0.05347412824630737,0.08312588185071945,0.8539777994155884
49,8,gaussian,2,1,3,0.05001157522201538,0.08283855766057968,0.8269170522689819
49,9,gaussian,2,1,3,0.04866588115692139,0.08272715657949448,0.8022270202636719
50,0,gaussian,2,1,3,0.5754701495170593,0.1402345448732376,22.756391525268555
50,1,gaussian,2,1,3,0.5717132091522217,0.13970868289470673,22.72711181640625
50,2,gaussian,2,1,3,0.5722454786300659,0.13978305459022522,22.65104103088379
50,3,gaussian,2,1,3,0.04910629987716675,0.08284343779087067,0.802615761756897
50,4,gaussian,2,1,3,0.048194825649261475,0.08276795595884323,0.8205789923667908
50,5,gaussian,2,1,3,0.05318260192871094,0.08318182080984116,0.8284666538238525
50,6,gaussian,2,1,3,0.04645472764968872,0.08262405544519424,0.8189571499824524
50,7,gaussian,2,1,3,0.05018723011016846,0.08293303102254868,0.8088791370391846
50,8,gaussian,2,1,3,0.04807615280151367,0.08275813609361649,0.8080676198005676
50,9,gaussian,2,1,3,0.05298280715942383,0.08316520601511002,0.7871368527412415
51,0,gaussian,2,1,3,0.5737246870994568,0.13993291556835175,22.722402572631836
51,1,gaussian,2,1,3,0.5722894668579102,0.1397322416305542,22.813955307006836
51,2,gaussian,2,1,3,0.5777595043182373,0.14049866795539856,22.895278930664062
51,3,gaussian,2,1,3,0.05071866512298584,0.08294329047203064,0.8446440100669861
51,4,gaussian,2,1,3,0.047637343406677246,0.082688108086586,0.8228927254676819
51,5,gaussian,2,1,3,0.05090177059173584,0.08295848220586777,0.8060967922210693
51,6,gaussian,2,1,3,0.05064123868942261,0.08293686807155609,0.838153064250946
51,7,gaussian,2,1,3,0.0469021201133728,0.08262734115123749,0.8227545619010925
51,8,gaussian,2,1,3,0.05268734693527222,0.08310674130916595,0.8335645198822021
51,9,gaussian,2,1,3,0.046272993087768555,0.08257537335157394,0.788674533367157
52,0,gaussian,2,1,3,0.5709559917449951,0.1396172195672989,22.733379364013672
52,1,gaussian,2,1,3,0.5758436918258667,0.14030130207538605,22.83016014099121
52,2,gaussian,2,1,3,0.571850597858429,0.1397421807050705,22.82181739807129
52,3,gaussian,2,1,3,0.04794955253601074,0.08275613188743591,0.8383200764656067
52,4,gaussian,2,1,3,0.05291634798049927,0.08316818624734879,0.8445924520492554
52,5,gaussian,2,1,3,0.04756897687911987,0.08272464573383331,0.7931140661239624
52,6,gaussian,2,1,3,0.04728609323501587,0.08270124346017838,0.7918767333030701
52,7,gaussian,2,1,3,0.052036404609680176,0.08309503644704819,0.8400883674621582
52,8,gaussian,2,1,3,0.05147206783294678,0.08304814994335175,0.796499490737915
52,9,gaussian,2,1,3,0.049031972885131836,0.0828457623720169,0.7888323068618774
53,0,gaussian,2,1,3,0.5726957321166992,0.13993437588214874,22.772062301635742
53,1,gaussian,2,1,3,0.5744620561599731,0.140181764960289,22.842628479003906
53,2,gaussian,2,1,3,0.5731097459793091,0.13999232649803162,22.715011596679688
53,3,gaussian,2,1,3,0.045712947845458984,0.0826149582862854,0.8157241940498352
53,4,gaussian,2,1,3,0.049784958362579346,0.08295205235481262,0.8169320225715637
53,5,gaussian,2,1,3,0.04913812875747681,0.08289842307567596,0.8159580826759338
53,6,gaussian,2,1,3,0.04914778470993042,0.08289922028779984,0.8155697584152222
53,7,gaussian,2,1,3,0.04289644956588745,0.08238260447978973,0.8291189670562744
53,8,gaussian,2,1,3,0.04788482189178467,0.08279458433389664,0.7895201444625854
53,9,gaussian,2,1,3,0.05456727743148804,0.08334970474243164,0.8072879314422607
54,0,gaussian,2,1,3,0.5666042566299438,0.13878847658634186,22.661109924316406
54,1,gaussian,2,1,3,0.5755972266197205,0.1400422304868698,22.59756088256836
54,2,gaussian,2,1,3,0.5820368528366089,0.14094695448875427,22.834827423095703
54,3,gaussian,2,1,3,0.04960834980010986,0.08276084810495377,0.8370102643966675
54,4,gaussian,2,1,3,0.04774880409240723,0.08260709047317505,0.8127546310424805
54,5,gaussian,2,1,3,0.05537992715835571,0.08323989063501358,0.8017441034317017
54,6,gaussian,2,1,3,0.05554330348968506,0.08325348794460297,0.8037973046302795
54,7,gaussian,2,1,3,0.05647963285446167,0.08333148807287216,0.8501672744750977
54,8,gaussian,2,1,3,0.04595804214477539,0.08245930075645447,0.809929370880127
54,9,gaussian,2,1,3,0.04730182886123657,0.08257018029689789,0.7823655605316162
55,0,gaussian,2,1,3,0.5721077919006348,0.14023418724536896,22.76563835144043
55,1,gaussian,2,1,3,0.5657615661621094,0.13934704661369324,22.82402992248535
55,2,gaussian,2,1,3,0.5771304368972778,0.14094030857086182,22.821884155273438
55,3,gaussian,2,1,3,0.04412233829498291,0.08270899206399918,0.8289796113967896
55,4,gaussian,2,1,3,0.04783463478088379,0.08301660418510437,0.845383882522583
55,5,gaussian,2,1,3,0.04611927270889282,0.08287432044744492,0.7849812507629395
55,6,gaussian,2,1,3,0.043479740619659424,0.08265586197376251,0.7942190170288086
55,7,gaussian,2,1,3,0.03955233097076416,0.08233188092708588,0.8405369520187378
55,8,gaussian,2,1,3,0.048605144023895264,0.08308058977127075,0.8419079184532166
55,9,gaussian,2,1,3,0.04534494876861572,0.0828101709485054,0.7989197373390198
56,0,gaussian,2,1,3,0.5767527222633362,0.1401677429676056,22.72394561767578
56,1,gaussian,2,1,3,0.5703271627426147,0.13926997780799866,22.60100555419922
56,2,gaussian,2,1,3,0.5692448616027832,0.13911932706832886,22.699295043945312
56,3,gaussian,2,1,3,0.056656479835510254,0.08332458883523941,0.839250922203064
56,4,gaussian,2,1,3,0.05486464500427246,0.0831754133105278,0.8175864815711975
56,5,gaussian,2,1,3,0.04578953981399536,0.08242400735616684,0.7748088836669922
56,6,gaussian,2,1,3,0.049000442028045654,0.0826890841126442,0.7927914261817932
56,7,gaussian,2,1,3,0.054818570613861084,0.08317157626152039,0.8411062359809875
56,8,gaussian,2,1,3,0.058962881565093994,0.08351698517799377,0.8548633456230164
56,9,gaussian,2,1,3,0.054454028606414795,0.0831412672996521,0.8084649443626404
57,0,gaussian,2,1,3,0.5774872899055481,0.14086852967739105,22.864269256591797
57,1,gaussian,2,1,3,0.5709220170974731,0.13994671404361725,22.76896858215332
57,2,gaussian,2,1,3,0.570600152015686,0.13990168273448944,22.667879104614258
57,3,gaussian,2,1,3,0.050653159618377686,0.08317883312702179,0.8133494853973389
57,4,gaussian,2,1,3,0.04011315107345581,0.08230673521757126,0.8131359815597534
57,5,gaussian,2,1,3,0.04522502422332764,0.0827285498380661,0.7949429750442505
57,6,gaussian,2,1,3,0.041831910610198975,0.0824483260512352,0.7950460910797119
57,7,gaussian,2,1,3,0.04550182819366455,0.08275146037340164,0.8295390605926514
57,8,gaussian,2,1,3,0.04965740442276001,0.08309604972600937,0.8015849590301514
57,9,gaussian,2,1,3,0.04576385021209717,0.08277314156293869,0.7855371236801147
58,0,gaussian,2,1,3,0.5743165016174316,0.1400396078824997,22.69938087463379
58,1,gaussian,2,1,3,0.5746454000473022,0.14008566737174988,22.77918815612793
58,2,gaussian,2,1,3,0.5717753171920776,0.13968418538570404,22.575632095336914
58,3,gaussian,2,1,3,0.046368300914764404,0.08259730041027069,0.8068253993988037
58,4,gaussian,2,1,3,0.05017369985580444,0.08291222155094147,0.801672101020813
58,5,gaussian,2,1,3,0.05067026615142822,0.08295340090990067,0.810456395149231
58,6,gaussian,2,1,3,0.04856276512145996,0.08277875930070877,0.8021376132965088
58,7,gaussian,2,1,3,0.04798775911331177,0.08273117244243622,0.8216948509216309
58,8,gaussian,2,1,3,0.04966330528259277,0.08286990970373154,0.7953599691390991
58,9,gaussian,2,1,3,0.05541259050369263,0.08334773033857346,0.8046481609344482
59,0,gaussian,2,1,3,0.5670823454856873,0.1390666514635086,22.67503547668457
59,1,gaussian,2,1,3,0.5718822479248047,0.13973575830459595,22.741880416870117
59,2,gaussian,2,1,3,0.5742313861846924,0.14006440341472626,22.766931533813477
59,3,gaussian,2,1,3,0.05028778314590454,0.08294342458248138,0.8306092023849487
59,4,gaussian,2,1,3,0.05272233486175537,0.08314559608697891,0.8101455569267273
59,5,gaussian,2,1,3,0.055646300315856934,0.08338907361030579,0.801816999912262
59,6,gaussian,2,1,3,0.05180394649505615,0.08306927978992462,0.7925218939781189
59,7,gaussian,2,1,3,0.05185854434967041,0.08307380974292755,0.8087496161460876
59,8,gaussian,2,1,3,0.04845660924911499,0.08279167860746384,0.7952241897583008
59,9,gaussian,2,1,3,0.047593891620635986,0.08272028714418411,0.7842212915420532
60,0,gaussian,2,1,3,0.5737723112106323,0.14007265865802765,22.67279624938965
60,1,gaussian,2,1,3,0.5686817169189453,0.1393614113330841,22.70564079284668
60,2,gaussian,2,1,3,0.5735148191452026,0.14003659784793854,22.76763916015625
60,3,gaussian,2,1,3,0.05203664302825928,0.08313165605068207,0.8413797616958618
60,4,gaussian,2,1,3,0.044692397117614746,0.08252336084842682,0.8082060813903809
60,5,gaussian,2,1,3,0.04861563444137573,0.08284775167703629,0.8094857931137085
60,6,gaussian,2,1,3,0.04623788595199585,0.08265099674463272,0.7955410480499268
60,7,gaussian,2,1,3,0.05015498399734497,0.08297538012266159,0.8252572417259216
60,8,gaussian,2,1,3,0.053038954734802246,0.08321502804756165,0.813123881816864
60,9,gaussian,2,1,3,0.0526810884475708,0.08318524807691574,0.7872745394706726
61,0,gaussian,2,1,3,0.5693151950836182,0.13936643302440643,22.6312255859375
61,1,gaussian,2,1,3,0.5725264549255371,0.13981468975543976,22.82713508605957
61,2,gaussian,2,1,3,0.575751006603241,0.14026625454425812,22.71965217590332
61,3,gaussian,2,1,3,0.048567891120910645,0.08279430866241455,0.8044725060462952
61,4,gaussian,2,1,3,0.04918545484542847,0.08284545689821243,0.8050575852394104
61,5,gaussian,2,1,3,0.05924457311630249,0.08368301391601562,0.8037569522857666
61,6,gaussian,2,1,3,0.050837039947509766,0.0829823911190033,0.7996769547462463
61,7,gaussian,2,1,3,0.04425609111785889,0.08243808150291443,0.7954885959625244
61,8,gaussian,2,1,3,0.0475614070892334,0.08271101862192154,0.8045015335083008
61,9,gaussian,2,1,3,0.052233994007110596,0.0830983966588974,0.7928343415260315
62,0,gaussian,2,1,3,0.5745474100112915,0.14150197803974152,22.751201629638672
62,1,gaussian,2,1,3,0.5676907300949097,0.14053505659103394,22.686426162719727
62,2,gaussian,2,1,3,0.5735100507736206,0.1413552612066269,22.876253128051758
62,3,gaussian,2,1,3,0.029299437999725342,0.08202841877937317,0.7950789332389832
62,4,gaussian,2,1,3,0.04039871692657471,0.08294394612312317,0.8162059187889099
62,5,gaussian,2,1,3,0.02770841121673584,0.08189801126718521,0.7776620984077454
62,6,gaussian,2,1,3,0.032034456729888916,0.08225306868553162,0.7978865504264832
62,7,gaussian,2,1,3,0.033738017082214355,0.08239331096410751,0.8015086650848389
62,8,gaussian,2,1,3,0.03694760799407959,0.08265818655490875,0.8166070580482483
62,9,gaussian,2,1,3,0.034216344356536865,0.08243273198604584,0.7840311527252197
63,0,gaussian,2,1,3,0.5748218297958374,0.14051993191242218,22.734359741210938
63,1,gaussian,2,1,3,0.5710024833679199,0.13998426496982574,22.767688751220703
63,2,gaussian,2,1,3,0.5715376734733582,0.1400592029094696,22.803298950195312
63,3,gaussian,2,1,3,0.05104273557662964,0.08322687447071075,0.8346554040908813
63,4,gaussian,2,1,3,0.04486459493637085,0.0827142670750618,0.7947809100151062
63,5,gaussian,2,1,3,0.043771326541900635,0.08262388408184052,0.8017075061798096
63,6,gaussian,2,1,3,0.05002450942993164,0.08314216881990433,0.803683876991272
63,7,gaussian,2,1,3,0.039585113525390625,0.08227872848510742,0.7936102151870728
63,8,gaussian,2,1,3,0.043661653995513916,0.08261482417583466,0.8116494417190552
63,9,gaussian,2,1,3,0.04633378982543945,0.08283588290214539,0.8096679449081421
64,0,gaussian,2,1,3,0.5720496773719788,0.13942670822143555,22.80385971069336
64,1,gaussian,2,1,3,0.5755802392959595,0.13991983234882355,22.764799118041992
64,2,gaussian,2,1,3,0.5758798122406006,0.13996174931526184,22.75278091430664
64,3,gaussian,2,1,3,0.05331927537918091,0.08299734443426132,0.8125241994857788
64,4,gaussian,2,1,3,0.055024147033691406,0.08313897252082825,0.8062142133712769
64,5,gaussian,2,1,3,0.05517047643661499,0.08315113186836243,0.8244929909706116
64,6,gaussian,2,1,3,0.045068979263305664,0.08231540769338608,0.7958173155784607
64,7,gaussian,2,1,3,0.05409955978393555,0.08306212723255157,0.8345175385475159
64,8,gaussian,2,1,3,0.05134868621826172,0.08283395320177078,0.8124575018882751
64,9,gaussian,2,1,3,0.0556713342666626,0.08319278806447983,0.779770016670227
65,0,gaussian,2,1,3,0.5702469348907471,0.13959918916225433,22.764305114746094
65,1,gaussian,2,1,3,0.575579047203064,0.14034554362297058,22.700687408447266
65,2,gaussian,2,1,3,0.569568395614624,0.13950450718402863,22.741214752197266
65,3,gaussian,2,1,3,0.043881773948669434,0.08246799558401108,0.7946293950080872
65,4,gaussian,2,1,3,0.04681289196014404,0.08271007239818573,0.7977440357208252
65,5,gaussian,2,1,3,0.05167597532272339,0.08311328291893005,0.8167691826820374
65,6,gaussian,2,1,3,0.05587679147720337,0.083463154733181,0.8296306133270264
65,7,gaussian,2,1,3,0.043947815895080566,0.08247344195842743,0.812770426273346
65,8,gaussian,2,1,3,0.0540279746055603,0.08330899477005005,0.8210789561271667
65,9,gaussian,2,1,3,0.050478219985961914,0.08301379531621933,0.7990301847457886
66,0,gaussian,2,1,3,0.5681931972503662,0.14008599519729614,22.69853973388672
66,1,gaussian,2,1,3,0.5762204527854919,0.1412150263786316,22.807546615600586
66,2,gaussian,2,1,3,0.5749918222427368,0.14104163646697998,22.700096130371094
66,3,gaussian,2,1,3,0.03765136003494263,0.08241064846515656,0.8196871876716614
66,4,gaussian,2,1,3,0.035981595516204834,0.08227315545082092,0.8188036680221558
66,5,gaussian,2,1,3,0.04538702964782715,0.08305062353610992,0.8017586469650269
66,6,gaussian,2,1,3,0.040718257427215576,0.08266378194093704,0.8013755083084106
66,7,gaussian,2,1,3,0.040270447731018066,0.08262677490711212,0.8054831027984619
66,8,gaussian,2,1,3,0.04055207967758179,0.08265004307031631,0.8008847236633301
66,9,gaussian,2,1,3,0.032440364360809326,0.0819823294878006,0.7997992038726807
67,0,gaussian,2,1,3,0.5773239135742188,0.14064379036426544,22.750980377197266
67,1,gaussian,2,1,3,0.5746735334396362,0.14027152955532074,22.66986656188965
67,2,gaussian,2,1,3,0.5659770965576172,0.1390569508075714,22.751110076904297
67,3,gaussian,2,1,3,0.05028742551803589,0.08302932232618332,0.8452277183532715
67,4,gaussian,2,1,3,0.04908519983291626,0.0829295665025711,0.7962478995323181
67,5,gaussian,2,1,3,0.0483098030090332,0.08286529034376144,0.7914547920227051
67,6,gaussian,2,1,3,0.049215614795684814,0.08294038474559784,0.8010298013687134
67,7,gaussian,2,1,3,0.045645713806152344,0.08264482021331787,0.8224520683288574
67,8,gaussian,2,1,3,0.044992268085479736,0.08259083330631256,0.8102569580078125
67,9,gaussian,2,1,3,0.05026674270629883,0.08302760869264603,0.8232080340385437
68,0,gaussian,2,1,3,0.5739548802375793,0.13989995419979095,22.722238540649414
68,1,gaussian,2,1,3,0.5771999359130859,0.1403546780347824,22.83010482788086
68,2,gaussian,2,1,3,0.5752339363098145,0.14007900655269623,22.742094039916992
68,3,gaussian,2,1,3,0.05260336399078369,0.08306106925010681,0.8212140798568726
68,4,gaussian,2,1,3,0.04518461227416992,0.08244713395833969,0.802109956741333
68,5,gaussian,2,1,3,0.05007392168045044,0.08285123854875565,0.8017640709877014
68,6,gaussian,2,1,3,0.04976767301559448,0.08282586187124252,0.785114586353302
68,7,gaussian,2,1,3,0.0496828556060791,0.08281883597373962,0.7936305999755859
68,8,gaussian,2,1,3,0.047036051750183105,0.08259991556406021,0.8131886124610901
68,9,gaussian,2,1,3,0.05261886119842529,0.08306235820055008,0.8232758641242981
69,0,gaussian,2,1,3,0.5728707313537598,0.1405629813671112,22.90699577331543
69,1,gaussian,2,1,3,0.567619264125824,0.13982675969600677,22.6372127532959
69,2,gaussian,2,1,3,0.5655539035797119,0.1395382583141327,22.72927474975586
69,3,gaussian,2,1,3,0.0415995717048645,0.08263096958398819,0.8024610877037048
69,4,gaussian,2,1,3,0.045616090297698975,0.08296352624893188,0.803796112537384
69,5,gaussian,2,1,3,0.04985696077346802,0.08331610262393951,0.8082910776138306
69,6,gaussian,2,1,3,0.04437589645385742,0.08286070078611374,0.7848416566848755
69,7,gaussian,2,1,3,0.03961503505706787,0.08246713876724243,0.8150318264961243
69,8,gaussian,2,1,3,0.04833453893661499,0.08318936079740524,0.8209872245788574
69,9,gaussian,2,1,3,0.041759192943573,0.08264415711164474,0.7925935983657837
70,0,gaussian,2,1,3,0.5761191248893738,0.14059105515480042,22.803720474243164
70,1,gaussian,2,1,3,0.5721147060394287,0.1400291919708252,22.778339385986328
70,2,gaussian,2,1,3,0.5709028840065002,0.13985960185527802,22.844873428344727
70,3,gaussian,2,1,3,0.044151127338409424,0.08258990198373795,0.8308261036872864
70,4,gaussian,2,1,3,0.048952698707580566,0.08298740535974503,0.8050084710121155
70,5,gaussian,2,1,3,0.0463901162147522,0.08277501910924911,0.785749077796936
70,6,gaussian,2,1,3,0.050563812255859375,0.08312121778726578,0.7836716175079346
70,7,gaussian,2,1,3,0.042625606060028076,0.08246400207281113,0.8317317366600037
70,8,gaussian,2,1,3,0.04532593488693237,0.08268698304891586,0.7871400713920593
70,9,gaussian,2,1,3,0.04784524440765381,0.08289555460214615,0.8063355684280396
71,0,gaussian,2,1,3,0.5688719749450684,0.1392318457365036,22.64588165283203
71,1,gaussian,2,1,3,0.5696603059768677,0.13934165239334106,22.719572067260742
71,2,gaussian,2,1,3,0.5781115293502808,0.1405242532491684,22.819984436035156
71,3,gaussian,2,1,3,0.05620676279067993,0.08338557928800583,0.8090744018554688
71,4,gaussian,2,1,3,0.05219531059265137,0.08305174857378006,0.7948803305625916
71,5,gaussian,2,1,3,0.04936319589614868,0.08281686902046204,0.7961426973342896
71,6,gaussian,2,1,3,0.04785734415054321,0.08269225060939789,0.7867097854614258
71,7,gaussian,2,1,3,0.04719555377960205,0.08263754844665527,0.8461567163467407
71,8,gaussian,2,1,3,0.05552452802658081,0.08332870155572891,0.8107321858406067
71,9,gaussian,2,1,3,0.05144679546356201,0.08298960328102112,0.781833827495575
72,0,gaussian,2,1,3,0.5744339227676392,0.13995185494422913,22.839031219482422
72,1,gaussian,2,1,3,0.572437047958374,0.1396726667881012,22.796194076538086
72,2,gaussian,2,1,3,0.570110559463501,0.139348104596138,22.64626693725586
72,3,gaussian,2,1,3,0.04623311758041382,0.08252470195293427,0.7983964085578918
72,4,gaussian,2,1,3,0.05212080478668213,0.08301201462745667,0.8103213906288147
72,5,gaussian,2,1,3,0.05438011884689331,0.08319977670907974,0.7972057461738586
72,6,gaussian,2,1,3,0.05168330669403076,0.08297570794820786,0.8082082271575928
72,7,gaussian,2,1,3,0.05409038066864014,0.0831756740808487,0.8129923343658447
72,8,gaussian,2,1,3,0.0512431263923645,0.08293918520212173,0.791250467300415
72,9,gaussian,2,1,3,0.054386258125305176,0.08320028334856033,0.7915992736816406
73,0,gaussian,2,1,3,0.5733277797698975,0.14042633771896362,22.671228408813477
73,1,gaussian,2,1,3,0.568886399269104,0.13980403542518616,22.794485092163086
73,2,gaussian,2,1,3,0.5762983560562134,0.14084410667419434,22.810588836669922
73,3,gaussian,2,1,3,0.048312604427337646,0.08306869864463806,0.8235365152359009
73,4,gaussian,2,1,3,0.040705859661102295,0.08243920654058456,0.7912658452987671
73,5,gaussian,2,1,3,0.04336339235305786,0.08265858143568039,0.7859945893287659
73,6,gaussian,2,1,3,0.04584050178527832,0.08286359161138535,0.7765107154846191
73,7,gaussian,2,1,3,0.04183018207550049,0.08253194391727448,0.8065852522850037
73,8,gaussian,2,1,3,0.04119914770126343,0.08247988671064377,0.7960402965545654
73,9,gaussian,2,1,3,0.0460817813873291,0.08288358896970749,0.789590060710907
74,0,gaussian,2,1,3,0.5708928108215332,0.13974860310554504,22.777523040771484
74,1,gaussian,2,1,3,0.5694122314453125,0.1395418494939804,22.724254608154297
74,2,gaussian,2,1,3,0.5702670812606812,0.13966117799282074,22.744243621826172
74,3,gaussian,2,1,3,0.045803844928741455,0.08266168087720871,0.8246882557868958
74,4,gaussian,2,1,3,0.04537135362625122,0.08262594044208527,0.8026611804962158
74,5,gaussian,2,1,3,0.05195361375808716,0.08317159861326218,0.7917901873588562
74,6,gaussian,2,1,3,0.049399733543395996,0.08295945823192596,0.7942371964454651
74,7,gaussian,2,1,3,0.05700713396072388,0.0835929661989212,0.8270447254180908
74,8,gaussian,2,1,3,0.05133730173110962,0.08312035351991653,0.8149375915527344
74,9,gaussian,2,1,3,0.048880577087402344,0.08291640132665634,0.7799306511878967
75,0,gaussian,2,1,3,0.5715466737747192,0.14006605744361877,22.776010513305664
75,1,gaussian,2,1,3,0.5669577121734619,0.13942477107048035,22.801998138427734
75,2,gaussian,2,1,3,0.5740958452224731,0.14042356610298157,22.81763458251953
75,3,gaussian,2,1,3,0.05078977346420288,0.08320914208889008,0.800374448299408
75,4,gaussian,2,1,3,0.0463254451751709,0.0828384980559349,0.8143567442893982
75,5,gaussian,2,1,3,0.04593688249588013,0.08280631899833679,0.7838191986083984
75,6,gaussian,2,1,3,0.0473288893699646,0.08292166143655777,0.7769297957420349
75,7,gaussian,2,1,3,0.03866839408874512,0.0822066217660904,0.7775768637657166
75,8,gaussian,2,1,3,0.049913644790649414,0.08313627541065216,0.8076450228691101
75,9,gaussian,2,1,3,0.047876060009002686,0.08296705037355423,0.7929678559303284
76,0,gaussian,2,1,3,0.5696951746940613,0.13935734331607819,22.76140594482422
76,1,gaussian,2,1,3,0.5733522176742554,0.13986791670322418,22.654062271118164
76,2,gaussian,2,1,3,0.5758877992630005,0.14022301137447357,22.817880630493164
76,3,gaussian,2,1,3,0.050167202949523926,0.08288992196321487,0.8019168972969055
76,4,gaussian,2,1,3,0.055487096309661865,0.08333206921815872,0.811040461063385
76,5,gaussian,2,1,3,0.050292372703552246,0.08290029317140579,0.7988556623458862
76,6,gaussian,2,1,3,0.048262715339660645,0.08273220807313919,0.7749446630477905
76,7,gaussian,2,1,3,0.04367023706436157,0.0823531374335289,0.7937890887260437
76,8,gaussian,2,1,3,0.053563475608825684,0.08317191898822784,0.7979788780212402
76,9,gaussian,2,1,3,0.05356621742248535,0.08317214250564575,0.7858527898788452
77,0,gaussian,2,1,3,0.5658013820648193,0.13910160958766937,22.702789306640625
77,1,gaussian,2,1,3,0.574327826499939,0.14029273390769958,22.76991081237793
77,2,gaussian,2,1,3,0.5744897127151489,0.140315443277359,22.7681884765625
77,3,gaussian,2,1,3,0.047678589820861816,0.08285415917634964,0.8095491528511047
77,4,gaussian,2,1,3,0.05151081085205078,0.0831722840666771,0.7999032139778137
77,5,gaussian,2,1,3,0.05260026454925537,0.08326294273138046,0.8049072027206421
77,6,gaussian,2,1,3,0.05070531368255615,0.08310531824827194,0.7886618375778198
77,7,gaussian,2,1,3,0.04161345958709717,0.08235315978527069,0.7954055666923523
77,8,gaussian,2,1,3,0.044633686542510986,0.08260226249694824,0.7829043865203857
77,9,gaussian,2,1,3,0.04871690273284912,0.0829402282834053,0.7960405945777893
78,0,gaussian,2,1,3,0.5767796039581299,0.14027175307273865,22.695297241210938
78,1,gaussian,2,1,3,0.5703632831573486,0.13937461376190186,22.697786331176758
78,2,gaussian,2,1,3,0.5694524645805359,0.13924771547317505,22.739160537719727
78,3,gaussian,2,1,3,0.052061617374420166,0.08300191164016724,0.8005625605583191
78,4,gaussian,2,1,3,0.050140976905822754,0.08284264802932739,0.7990840673446655
78,5,gaussian,2,1,3,0.05559033155441284,0.0832953155040741,0.8187398314476013
78,6,gaussian,2,1,3,0.05435967445373535,0.08319287747144699,0.7677973508834839
78,7,gaussian,2,1,3,0.056255042552948,0.08335070312023163,0.8055874109268188
78,8,gaussian,2,1,3,0.047995030879974365,0.08266505599021912,0.7927200198173523
78,9,gaussian,2,1,3,0.049111247062683105,0.0827573910355568,0.7850793600082397
79,0,gaussian,2,1,3,0.5773821473121643,0.14080752432346344,22.841352462768555
79,1,gaussian,2,1,3,0.5753418207168579,0.14052052795886993,22.65704917907715
79,2,gaussian,2,1,3,0.5705527067184448,0.13984915614128113,22.6187686920166
79,3,gaussian,2,1,3,0.04297447204589844,0.08251550048589706,0.8035066723823547
79,4,gaussian,2,1,3,0.045848965644836426,0.08275303989648819,0.7875169515609741
79,5,gaussian,2,1,3,0.05083727836608887,0.08316686749458313,0.8025994896888733
79,6,gaussian,2,1,3,0.04569435119628906,0.08274024724960327,0.7755619287490845
79,7,gaussian,2,1,3,0.04593002796173096,0.08275974541902542,0.8003717660903931
79,8,gaussian,2,1,3,0.043171584606170654,0.08253177255392075,0.7867709398269653
79,9,gaussian,2,1,3,0.04103648662567139,0.08235574513673782,0.7689967751502991
80,0,gaussian,2,1,3,0.575973391532898,0.14031487703323364,22.798412322998047
80,1,gaussian,2,1,3,0.5758074522018433,0.14029158651828766,22.696367263793945
80,2,gaussian,2,1,3,0.5625970959663391,0.1384504735469818,22.596851348876953
80,3,gaussian,2,1,3,0.055167973041534424,0.08335291594266891,0.8307477831840515
80,4,gaussian,2,1,3,0.053171396255493164,0.08318666368722916,0.8039951920509338
80,5,gaussian,2,1,3,0.04882103204727173,0.08282555639743805,0.7790144681930542
80,6,gaussian,2,1,3,0.04489225149154663,0.08250079303979874,0.7956652641296387
80,7,gaussian,2,1,3,0.049350738525390625,0.08286944031715393,0.7904068827629089
80,8,gaussian,2,1,3,0.0521884560585022,0.0831049382686615,0.8230087757110596
80,9,gaussian,2,1,3,0.05216240882873535,0.0831027701497078,0.7752826809883118
81,0,gaussian,2,1,3,0.5722857713699341,0.14014281332492828,22.780231475830078
81,1,gaussian,2,1,3,0.5723493099212646,0.1401517242193222,22.892906188964844
81,2,gaussian,2,1,3,0.5677610635757446,0.1395101398229599,22.659805297851562
81,3,gaussian,2,1,3,0.04975217580795288,0.08310695737600327,0.8058104515075684
81,4,gaussian,2,1,3,0.0518871545791626,0.08328457921743393,0.7981012463569641
81,5,gaussian,2,1,3,0.04218631982803345,0.08248055726289749,0.7726508975028992
81,6,gaussian,2,1,3,0.05316358804702759,0.08339095860719681,0.798305869102478
81,7,gaussian,2,1,3,0.044945359230041504,0.0827084332704544,0.8052072525024414
81,8,gaussian,2,1,3,0.04472881555557251,0.08269052952528,0.804266631603241
81,9,gaussian,2,1,3,0.04282420873641968,0.08253318816423416,0.7954013347625732
82,0,gaussian,2,1,3,0.5763572454452515,0.14050865173339844,22.742023468017578
82,1,gaussian,2,1,3,0.5718894600868225,0.13988228142261505,22.706195831298828
82,2,gaussian,2,1,3,0.5728814601898193,0.14002111554145813,22.76765251159668
82,3,gaussian,2,1,3,0.04016321897506714,0.08219340443611145,0.7806789875030518
82,4,gaussian,2,1,3,0.045354366302490234,0.08262118697166443,0.7982187867164612
82,5,gaussian,2,1,3,0.05142611265182495,0.08312437683343887,0.8225501179695129
82,6,gaussian,2,1,3,0.04706937074661255,0.08276300877332687,0.7985519766807556
82,7,gaussian,2,1,3,0.049951374530792236,0.08300187438726425,0.8323521018028259
82,8,gaussian,2,1,3,0.04606366157531738,0.08267981559038162,0.7983047366142273
82,9,gaussian,2,1,3,0.052385807037353516,0.08320418745279312,0.8249631524085999
83,0,gaussian,2,1,3,0.569890022277832,0.13964492082595825,22.714435577392578
83,1,gaussian,2,1,3,0.5759915113449097,0.1404995620250702,22.77507781982422
83,2,gaussian,2,1,3,0.5727363228797913,0.1400429606437683,22.732635498046875
83,3,gaussian,2,1,3,0.04734933376312256,0.08281110227108002,0.8089113831520081
83,4,gaussian,2,1,3,0.04994916915893555,0.08302668482065201,0.8124223947525024
83,5,gaussian,2,1,3,0.04882657527923584,0.08293353021144867,0.7837140560150146
83,6,gaussian,2,1,3,0.04300868511199951,0.0824524313211441,0.7939804792404175
83,7,gaussian,2,1,3,0.04839920997619629,0.0828980952501297,0.8094582557678223
83,8,gaussian,2,1,3,0.04706835746765137,0.08278784155845642,0.797590970993042
83,9,gaussian,2,1,3,0.04845637083053589,0.08290283381938934,0.7913591265678406
84,0,gaussian,2,1,3,0.5727471113204956,0.14004361629486084,22.847745895385742
84,1,gaussian,2,1,3,0.5741986632347107,0.14024704694747925,22.709203720092773
84,2,gaussian,2,1,3,0.5730363726615906,0.1400841325521469,22.764686584472656
84,3,gaussian,2,1,3,0.04718959331512451,0.08279737830162048,0.8154119849205017
84,4,gaussian,2,1,3,0.04355752468109131,0.08249719440937042,0.8064712285995483
84,5,gaussian,2,1,3,0.047846436500549316,0.08285178244113922,0.7939805388450623
84,6,gaussian,2,1,3,0.046418726444244385,0.08273357152938843,0.8057411313056946
84,7,gaussian,2,1,3,0.04701030254364014,0.08278253674507141,0.8056089282035828
84,8,gaussian,2,1,3,0.04926806688308716,0.08296965062618256,0.8140626549720764
84,9,gaussian,2,1,3,0.049550533294677734,0.08299309015274048,0.788504421710968
85,0,gaussian,2,1,3,0.5751127004623413,0.13995465636253357,22.799772262573242
85,1,gaussian,2,1,3,0.5682860612869263,0.1390024870634079,22.807931900024414
85,2,gaussian,2,1,3,0.5711263418197632,0.13939785957336426,22.766138076782227
85,3,gaussian,2,1,3,0.046507060527801514,0.08249295502901077,0.8031855225563049
85,4,gaussian,2,1,3,0.057241618633270264,0.08338324725627899,0.803422212600708
85,5,gaussian,2,1,3,0.05218100547790527,0.08296234905719757,0.7915595173835754
85,6,gaussian,2,1,3,0.055401504039764404,0.08322995156049728,0.8028436303138733
85,7,gaussian,2,1,3,0.05214613676071167,0.08295945078134537,0.8080593943595886
85,8,gaussian,2,1,3,0.057436227798461914,0.08339947462081909,0.8132003545761108
85,9,gaussian,2,1,3,0.05525296926498413,0.08321759104728699,0.7670964598655701
86,0,gaussian,2,1,3,0.5718775987625122,0.14003722369670868,22.680654525756836
86,1,gaussian,2,1,3,0.5723099112510681,0.14009778201580048,22.729198455810547
86,2,gaussian,2,1,3,0.5768224000930786,0.14073139429092407,22.75699806213379
86,3,gaussian,2,1,3,0.050604045391082764,0.08314904570579529,0.8150936365127563
86,4,gaussian,2,1,3,0.046062350273132324,0.08277226239442825,0.8082587718963623
86,5,gaussian,2,1,3,0.046527981758117676,0.08281081914901733,0.784776508808136
86,6,gaussian,2,1,3,0.047974228858947754,0.08293066918849945,0.7955294251441956
86,7,gaussian,2,1,3,0.03831470012664795,0.082133449614048,0.7973378300666809
86,8,gaussian,2,1,3,0.045033812522888184,0.08268717676401138,0.7895709872245789
86,9,gaussian,2,1,3,0.04458528757095337,0.0826500952243805,0.7939318418502808
87,0,gaussian,2,1,3,0.5702269077301025,0.13958004117012024,22.73649787902832
87,1,gaussian,2,1,3,0.5738983750343323,0.14009344577789307,22.789501190185547
87,2,gaussian,2,1,3,0.578022837638855,0.1406724452972412,22.8710994720459
87,3,gaussian,2,1,3,0.044830143451690674,0.08253657072782516,0.7871296405792236
87,4,gaussian,2,1,3,0.052982211112976074,0.08321215957403183,0.7995472550392151
87,5,gaussian,2,1,3,0.04744589328765869,0.08275274187326431,0.7984468936920166
87,6,gaussian,2,1,3,0.04344254732131958,0.08242211490869522,0.7715429663658142
87,7,gaussian,2,1,3,0.046066224575042725,0.08263865113258362,0.8149322271347046
87,8,gaussian,2,1,3,0.05149388313293457,0.08308839797973633,0.7933034896850586
87,9,gaussian,2,1,3,0.05047088861465454,0.0830034464597702,0.7971137762069702
88,0,gaussian,2,1,3,0.5693921446800232,0.1395566761493683,22.79393196105957
88,1,gaussian,2,1,3,0.5684045553207397,0.13941892981529236,22.691402435302734
88,2,gaussian,2,1,3,0.5752352476119995,0.14037451148033142,22.811851501464844
88,3,gaussian,2,1,3,0.049724578857421875,0.0829968973994255,0.801815390586853
88,4,gaussian,2,1,3,0.04628211259841919,0.08271167427301407,0.7767559289932251
88,5,gaussian,2,1,3,0.0472264289855957,0.0827898234128952,0.7673972845077515
88,6,gaussian,2,1,3,0.0535813570022583,0.08331762254238129,0.7903603315353394
88,7,gaussian,2,1,3,0.04756516218185425,0.08281786739826202,0.816769003868103
88,8,gaussian,2,1,3,0.04709672927856445,0.08277907967567444,0.7876836061477661
88,9,gaussian,2,1,3,0.05261111259460449,0.08323682099580765,0.7820017337799072
89,0,gaussian,2,1,3,0.5720008611679077,0.13960689306259155,22.544212341308594
89,1,gaussian,2,1,3,0.573197603225708,0.13977406919002533,22.73818588256836
89,2,gaussian,2,1,3,0.5659121870994568,0.13875944912433624,22.55910873413086
89,3,gaussian,2,1,3,0.04957747459411621,0.08279827237129211,0.7891470193862915
89,4,gaussian,2,1,3,0.05452829599380493,0.08320920914411545,0.7941263318061829
89,5,gaussian,2,1,3,0.05192875862121582,0.08299318701028824,0.7802363038063049
89,6,gaussian,2,1,3,0.05821788311004639,0.08351678401231766,0.7701360583305359
89,7,gaussian,2,1,3,0.05445241928100586,0.08320289850234985,0.8104866743087769
89,8,gaussian,2,1,3,0.05311143398284912,0.08309139311313629,0.7957450747489929
89,9,gaussian,2,1,3,0.05258786678314209,0.08304790407419205,0.7841656804084778
90,0,gaussian,2,1,3,0.5796528458595276,0.1416093409061432,22.72264289855957
90,1,gaussian,2,1,3,0.5712231397628784,0.14042063057422638,22.693586349487305
90,2,gaussian,2,1,3,0.5692845582962036,0.14014868438243866,22.586746215820312
90,3,gaussian,2,1,3,0.04035139083862305,0.08258026093244553,0.8013015389442444
90,4,gaussian,2,1,3,0.0363810658454895,0.08225304633378983,0.7917211055755615
90,5,gaussian,2,1,3,0.040436744689941406,0.08258730918169022,0.7889266610145569
90,6,gaussian,2,1,3,0.03611212968826294,0.08223091810941696,0.7622670531272888
90,7,gaussian,2,1,3,0.03479129076004028,0.08212238550186157,0.7886946797370911
90,8,gaussian,2,1,3,0.04405015707015991,0.08288627117872238,0.7968515753746033
90,9,gaussian,2,1,3,0.04736149311065674,0.08316119015216827,0.7619547247886658
91,0,gaussian,2,1,3,0.5717949867248535,0.14005257189273834,22.73162269592285
91,1,gaussian,2,1,3,0.5690490007400513,0.1396685093641281,22.678085327148438
91,2,gaussian,2,1,3,0.5694374442100525,0.1397227793931961,22.808496475219727
91,3,gaussian,2,1,3,0.046937406063079834,0.08286065608263016,0.81075119972229
91,4,gaussian,2,1,3,0.04589414596557617,0.08277425169944763,0.7987164258956909
91,5,gaussian,2,1,3,0.052807509899139404,0.08334848284721375,0.8072396516799927
91,6,gaussian,2,1,3,0.048307955265045166,0.08297429233789444,0.7867130637168884
91,7,gaussian,2,1,3,0.047013163566589355,0.08286692947149277,0.811710000038147
91,8,gaussian,2,1,3,0.04527390003204346,0.08272292464971542,0.7978885769844055
91,9,gaussian,2,1,3,0.0487210750579834,0.08300857245922089,0.762638509273529
92,0,gaussian,2,1,3,0.5765706896781921,0.1399887353181839,22.68869400024414
92,1,gaussian,2,1,3,0.576379656791687,0.13996198773384094,22.762248992919922
92,2,gaussian,2,1,3,0.5732394456863403,0.13952317833900452,22.72919464111328
92,3,gaussian,2,1,3,0.05034744739532471,0.08270984888076782,0.8170046806335449
92,4,gaussian,2,1,3,0.05739998817443848,0.08329522609710693,0.8074370622634888
92,5,gaussian,2,1,3,0.04791837930679321,0.08250918239355087,0.7845258116722107
92,6,gaussian,2,1,3,0.0553821325302124,0.08312731981277466,0.7869330644607544
92,7,gaussian,2,1,3,0.05397707223892212,0.08301059901714325,0.7923006415367126
92,8,gaussian,2,1,3,0.05424928665161133,0.08303320407867432,0.8038730621337891
92,9,gaussian,2,1,3,0.05192768573760986,0.08284065872430801,0.7560169696807861
93,0,gaussian,2,1,3,0.5695266723632812,0.13908351957798004,22.64609718322754
93,1,gaussian,2,1,3,0.5698421597480774,0.13912740349769592,22.673912048339844
93,2,gaussian,2,1,3,0.575401782989502,0.13990305364131927,22.72081756591797
93,3,gaussian,2,1,3,0.05520486831665039,0.08315886557102203,0.803554356098175
93,4,gaussian,2,1,3,0.05200380086898804,0.08289308845996857,0.8001589775085449
93,5,gaussian,2,1,3,0.05334955453872681,0.08300472050905228,0.7880441546440125
93,6,gaussian,2,1,3,0.05515420436859131,0.08315464854240417,0.7952671051025391
93,7,gaussian,2,1,3,0.05579441785812378,0.08320790529251099,0.8053194880485535
93,8,gaussian,2,1,3,0.06126296520233154,0.0836641788482666,0.8077456951141357
93,9,gaussian,2,1,3,0.05091214179992676,0.0828026533126831,0.780024528503418
94,0,gaussian,2,1,3,0.5745038986206055,0.14035345613956451,22.913543701171875
94,1,gaussian,2,1,3,0.5754756927490234,0.14048992097377777,22.783260345458984
94,2,gaussian,2,1,3,0.5735780000686646,0.14022356271743774,22.797958374023438
94,3,gaussian,2,1,3,0.04546421766281128,0.08269211649894714,0.7866872549057007
94,4,gaussian,2,1,3,0.04362279176712036,0.08253998309373856,0.7894116640090942
94,5,gaussian,2,1,3,0.047080397605895996,0.08282586932182312,0.7924947738647461
94,6,gaussian,2,1,3,0.038554370403289795,0.08212269842624664,0.7723025679588318
94,7,gaussian,2,1,3,0.05021357536315918,0.08308578282594681,0.79746413230896
94,8,gaussian,2,1,3,0.04520821571350098,0.08267094939947128,0.7658754587173462
94,9,gaussian,2,1,3,0.049129366874694824,0.08299575001001358,0.7929571866989136
95,0,gaussian,2,1,3,0.5734220743179321,0.14012348651885986,22.736984252929688
95,1,gaussian,2,1,3,0.5684777498245239,0.1394323855638504,22.677021026611328
95,2,gaussian,2,1,3,0.5760169625282288,0.14048756659030914,22.756113052368164
95,3,gaussian,2,1,3,0.0448489785194397,0.08259516209363937,0.7786325216293335
95,4,gaussian,2,1,3,0.051651597023010254,0.0831589326262474,0.8192183375358582
95,5,gaussian,2,1,3,0.04343634843826294,0.08247856050729752,0.789370059967041
95,6,gaussian,2,1,3,0.05105096101760864,0.08310900628566742,0.8149659633636475
95,7,gaussian,2,1,3,0.04905688762664795,0.08294343948364258,0.80088210105896
95,8,gaussian,2,1,3,0.04932677745819092,0.08296582847833633,0.8019735813140869
95,9,gaussian,2,1,3,0.046184420585632324,0.0827055275440216,0.7901474833488464
96,0,gaussian,2,1,3,0.570298433303833,0.13994646072387695,22.741579055786133
96,1,gaussian,2,1,3,0.568291187286377,0.13966584205627441,22.762643814086914
96,2,gaussian,2,1,3,0.5748127698898315,0.14057965576648712,22.79363441467285
96,3,gaussian,2,1,3,0.043322205543518066,0.08262263983488083,0.7943779826164246
96,4,gaussian,2,1,3,0.04626965522766113,0.08286651968955994,0.8023026585578918
96,5,gaussian,2,1,3,0.047251224517822266,0.08294790238142014,0.7973024249076843
96,6,gaussian,2,1,3,0.045200347900390625,0.0827779620885849,0.7697970867156982
96,7,gaussian,2,1,3,0.04468923807144165,0.08273566514253616,0.780407190322876
96,8,gaussian,2,1,3,0.04827922582626343,0.08303321897983551,0.8089168667793274
96,9,gaussian,2,1,3,0.04575753211975098,0.08282409608364105,0.7958933711051941
97,0,gaussian,2,1,3,0.5699931383132935,0.13960343599319458,22.675704956054688
97,1,gaussian,2,1,3,0.5782192945480347,0.14075657725334167,22.811084747314453
97,2,gaussian,2,1,3,0.571561872959137,0.13982261717319489,22.612632751464844
97,3,gaussian,2,1,3,0.047105252742767334,0.08275777846574783,0.7898925542831421
97,4,gaussian,2,1,3,0.04579019546508789,0.08264901489019394,0.7870320677757263
97,5,gaussian,2,1,3,0.04592353105545044,0.08266003429889679,0.7947456240653992
97,6,gaussian,2,1,3,0.04623448848724365,0.08268574625253677,0.7618522047996521
97,7,gaussian,2,1,3,0.049678683280944824,0.08297102153301239,0.7857030034065247
97,8,gaussian,2,1,3,0.050587475299835205,0.08304645866155624,0.7844489812850952
97,9,gaussian,2,1,3,0.05059850215911865,0.08304737508296967,0.7690587639808655
98,0,gaussian,2,1,3,0.5733522176742554,0.14002226293087006,22.795183181762695
98,1,gaussian,2,1,3,0.5662059783935547,0.13902519643306732,22.70070457458496
98,2,gaussian,2,1,3,0.5739554166793823,0.14010675251483917,22.70878791809082
98,3,gaussian,2,1,3,0.04927784204483032,0.08290763199329376,0.793570876121521
98,4,gaussian,2,1,3,0.05350661277770996,0.0832589641213417,0.8165227174758911
98,5,gaussian,2,1,3,0.04854947328567505,0.08284725993871689,0.7822715044021606
98,6,gaussian,2,1,3,0.05176061391830444,0.08311372995376587,0.7991600632667542
98,7,gaussian,2,1,3,0.04988718032836914,0.0829581618309021,0.7899292707443237
98,8,gaussian,2,1,3,0.05496323108673096,0.0833803340792656,0.8006944060325623
98,9,gaussian,2,1,3,0.04289066791534424,0.0823797732591629,0.7827192544937134
99,0,gaussian,2,1,3,0.5672652721405029,0.13934049010276794,22.6724796295166
99,1,gaussian,2,1,3,0.5711923837661743,0.13988877832889557,22.858261108398438
99,2,gaussian,2,1,3,0.574434220790863,0.14034301042556763,22.733837127685547
99,3,gaussian,2,1,3,0.051249563694000244,0.08317150920629501,0.7996659874916077
99,4,gaussian,2,1,3,0.042958855628967285,0.08248481154441833,0.7838214635848999
99,5,gaussian,2,1,3,0.04764813184738159,0.08287251740694046,0.8004267811775208
99,6,gaussian,2,1,3,0.04896515607833862,0.08298172801733017,0.7848047018051147
99,7,gaussian,2,1,3,0.04594153165817261,0.0827312022447586,0.8035749197006226
99,8,gaussian,2,1,3,0.04947322607040405,0.08302389830350876,0.7743213772773743
99,9,gaussian,2,1,3,0.05113500356674194,0.08316197991371155,0.7911822199821472
100,0,gaussian,2,1,3,0.5736261606216431,0.14066828787326813,22.671890258789062
100,1,gaussian,2,1,3,0.5703898668289185,0.14021378755569458,22.66482925415039
100,2,gaussian,2,1,3,0.570433497428894,0.14021989703178406,22.654300689697266
100,3,gaussian,2,1,3,0.047683656215667725,0.08313468098640442,0.8182799816131592
100,4,gaussian,2,1,3,0.042338550090789795,0.08269151300191879,0.7975100874900818
100,5,gaussian,2,1,3,0.0436244010925293,0.08279790729284286,0.7861185669898987
100,6,gaussian,2,1,3,0.04122114181518555,0.08259915560483932,0.7689521908760071
100,7,gaussian,2,1,3,0.03561294078826904,0.08213722705841064,0.7899003624916077
100,8,gaussian,2,1,3,0.04509902000427246,0.08292008936405182,0.7956955432891846
100,9,gaussian,2,1,3,0.04144221544265747,0.08261743187904358,0.7817965745925903
