round,client,attack,seed,alpha,num_byzantine,train_accuracy
1,0,signflip,2,1.0,2,0.112060546875
1,1,signflip,2,1.0,2,0.09466911764705882
1,2,signflip,2,1.0,2,0.06579861111111111
1,3,signflip,2,1.0,2,0.05386029411764706
1,4,signflip,2,1.0,2,0.06228885135135135
1,5,signflip,2,1.0,2,0.07283653846153847
1,6,signflip,2,1.0,2,0.06468023255813954
1,7,signflip,2,1.0,2,0.08729166666666667
1,8,signflip,2,1.0,2,0.09050324675324675
1,9,signflip,2,1.0,2,0.05797697368421053
2,0,signflip,2,1.0,2,0.120361328125
2,1,signflip,2,1.0,2,0.10386029411764706
2,2,signflip,2,1.0,2,0.07743055555555556
2,3,signflip,2,1.0,2,0.0880514705882353
2,4,signflip,2,1.0,2,0.09945101351351351
2,5,signflip,2,1.0,2,0.10625
2,6,signflip,2,1.0,2,0.09447674418604651
2,7,signflip,2,1.0,2,0.09895833333333333
2,8,signflip,2,1.0,2,0.127637987012987
2,9,signflip,2,1.0,2,0.08881578947368421
3,0,signflip,2,1.0,2,0.13232421875
3,1,signflip,2,1.0,2,0.10992647058823529
3,2,signflip,2,1.0,2,0.11128472222222222
3,3,signflip,2,1.0,2,0.10441176470588236
3,4,signflip,2,1.0,2,0.12711148648648649
3,5,signflip,2,1.0,2,0.09639423076923077
3,6,signflip,2,1.0,2,0.08448401162790697
3,7,signflip,2,1.0,2,0.13395833333333335
3,8,signflip,2,1.0,2,0.12256493506493507
3,9,signflip,2,1.0,2,0.09477796052631579
4,0,signflip,2,1.0,2,0.143310546875
4,1,signflip,2,1.0,2,0.10294117647058823
4,2,signflip,2,1.0,2,0.12986111111111112
4,3,signflip,2,1.0,2,0.1150735294117647
4,4,signflip,2,1.0,2,0.12837837837837837
4,5,signflip,2,1.0,2,0.14278846153846153
4,6,signflip,2,1.0,2,0.10919331395348837
4,7,signflip,2,1.0,2,0.1525
4,8,signflip,2,1.0,2,0.153612012987013
4,9,signflip,2,1.0,2,0.12828947368421054
5,0,signflip,2,1.0,2,0.15478515625
5,1,signflip,2,1.0,2,0.12941176470588237
5,2,signflip,2,1.0,2,0.11666666666666667
5,3,signflip,2,1.0,2,0.12058823529411765
5,4,signflip,2,1.0,2,0.14358108108108109
5,5,signflip,2,1.0,2,0.15384615384615385
5,6,signflip,2,1.0,2,0.1119186046511628
5,7,signflip,2,1.0,2,0.15354166666666666
5,8,signflip,2,1.0,2,0.14853896103896103
5,9,signflip,2,1.0,2,0.12685032894736842
6,0,signflip,2,1.0,2,0.003662109375
6,1,signflip,2,1.0,2,0.004779411764705883
6,2,signflip,2,1.0,2,0.140625
6,3,signflip,2,1.0,2,0.13970588235294118
6,4,signflip,2,1.0,2,0.13576858108108109
6,5,signflip,2,1.0,2,0.1733173076923077
6,6,signflip,2,1.0,2,0.11319040697674419
6,7,signflip,2,1.0,2,0.15666666666666668
6,8,signflip,2,1.0,2,0.14488636363636365
6,9,signflip,2,1.0,2,0.13548519736842105
7,0,signflip,2,1.0,2,0.005615234375
7,1,signflip,2,1.0,2,0.005698529411764706
7,2,signflip,2,1.0,2,0.14913194444444444
7,3,signflip,2,1.0,2,0.13345588235294117
7,4,signflip,2,1.0,2,0.13935810810810811
7,5,signflip,2,1.0,2,0.1596153846153846
7,6,signflip,2,1.0,2,0.10592296511627906
7,7,signflip,2,1.0,2,0.17520833333333333
7,8,signflip,2,1.0,2,0.17715097402597402
7,9,signflip,2,1.0,2,0.14103618421052633
8,0,signflip,2,1.0,2,0.0078125
8,1,signflip,2,1.0,2,0.005698529411764706
8,2,signflip,2,1.0,2,0.1439236111111111
8,3,signflip,2,1.0,2,0.11985294117647059
8,4,signflip,2,1.0,2,0.14210304054054054
8,5,signflip,2,1.0,2,0.17379807692307692
8,6,signflip,2,1.0,2,0.12518168604651161
8,7,signflip,2,1.0,2,0.17770833333333333
8,8,signflip,2,1.0,2,0.1728896103896104
8,9,signflip,2,1.0,2,0.16282894736842105
9,0,signflip,2,1.0,2,0.010498046875
9,1,signflip,2,1.0,2,0.007536764705882353
9,2,signflip,2,1.0,2,0.16145833333333334
9,3,signflip,2,1.0,2,0.12261029411764705
9,4,signflip,2,1.0,2,0.14991554054054054
9,5,signflip,2,1.0,2,0.17860576923076923
9,6,signflip,2,1.0,2,0.12009447674418605
9,7,signflip,2,1.0,2,0.17145833333333332
9,8,signflip,2,1.0,2,0.20556006493506493
9,9,signflip,2,1.0,2,0.16180098684210525
10,0,signflip,2,1.0,2,0.014404296875
10,1,signflip,2,1.0,2,0.0055147058823529415
10,2,signflip,2,1.0,2,0.16371527777777778
10,3,signflip,2,1.0,2,0.15496323529411765
10,4,signflip,2,1.0,2,0.16596283783783783
10,5,signflip,2,1.0,2,0.1918269230769231
10,6,signflip,2,1.0,2,0.15334302325581395
10,7,signflip,2,1.0,2,0.17083333333333334
10,8,signflip,2,1.0,2,0.16741071428571427
10,9,signflip,2,1.0,2,0.15193256578947367
11,0,signflip,2,1.0,2,0.0087890625
11,1,signflip,2,1.0,2,0.011397058823529411
11,2,signflip,2,1.0,2,0.14809027777777778
11,3,signflip,2,1.0,2,0.16176470588235295
11,4,signflip,2,1.0,2,0.16385135135135134
11,5,signflip,2,1.0,2,0.1764423076923077
11,6,signflip,2,1.0,2,0.14553052325581395
11,7,signflip,2,1.0,2,0.19375
11,8,signflip,2,1.0,2,0.2069805194805195
11,9,signflip,2,1.0,2,0.15172697368421054
12,0,signflip,2,1.0,2,0.00830078125
12,1,signflip,2,1.0,2,0.0058823529411764705
12,2,signflip,2,1.0,2,0.165625
12,3,signflip,2,1.0,2,0.1431985294117647
12,4,signflip,2,1.0,2,0.16617398648648649
12,5,signflip,2,1.0,2,0.19158653846153847
12,6,signflip,2,1.0,2,0.1413517441860465
12,7,signflip,2,1.0,2,0.19833333333333333
12,8,signflip,2,1.0,2,0.1911525974025974
12,9,signflip,2,1.0,2,0.1786595394736842
13,0,signflip,2,1.0,2,0.02587890625
13,1,signflip,2,1.0,2,0.006617647058823529
13,2,signflip,2,1.0,2,0.1671875
13,3,signflip,2,1.0,2,0.15349264705882354
13,4,signflip,2,1.0,2,0.16279560810810811
13,5,signflip,2,1.0,2,0.19663461538461538
13,6,signflip,2,1.0,2,0.14716569767441862
13,7,signflip,2,1.0,2,0.189375
13,8,signflip,2,1.0,2,0.20008116883116883
13,9,signflip,2,1.0,2,0.16940789473684212
14,0,signflip,2,1.0,2,0.013427734375
14,1,signflip,2,1.0,2,0.005330882352941177
14,2,signflip,2,1.0,2,0.18194444444444444
14,3,signflip,2,1.0,2,0.15459558823529412
14,4,signflip,2,1.0,2,0.17145270270270271
14,5,signflip,2,1.0,2,0.1985576923076923
14,6,signflip,2,1.0,2,0.13898982558139536
14,7,signflip,2,1.0,2,0.21208333333333335
14,8,signflip,2,1.0,2,0.2315340909090909
14,9,signflip,2,1.0,2,0.20291940789473684
15,0,signflip,2,1.0,2,0.023681640625
15,1,signflip,2,1.0,2,0.016911764705882352
15,2,signflip,2,1.0,2,0.18003472222222222
15,3,signflip,2,1.0,2,0.17261029411764706
15,4,signflip,2,1.0,2,0.18707770270270271
15,5,signflip,2,1.0,2,0.18269230769230768
15,6,signflip,2,1.0,2,0.1464389534883721
15,7,signflip,2,1.0,2,0.22854166666666667
15,8,signflip,2,1.0,2,0.2106331168831169
15,9,signflip,2,1.0,2,0.19572368421052633
16,0,signflip,2,1.0,2,0.02197265625
16,1,signflip,2,1.0,2,0.013051470588235295
16,2,signflip,2,1.0,2,0.19288194444444445
16,3,signflip,2,1.0,2,0.17849264705882353
16,4,signflip,2,1.0,2,0.16152871621621623
16,5,signflip,2,1.0,2,0.22692307692307692
16,6,signflip,2,1.0,2,0.13499273255813954
16,7,signflip,2,1.0,2,0.185
16,8,signflip,2,1.0,2,0.22767857142857142
16,9,signflip,2,1.0,2,0.19839638157894737
17,0,signflip,2,1.0,2,0.02490234375
17,1,signflip,2,1.0,2,0.01011029411764706
17,2,signflip,2,1.0,2,0.18663194444444445
17,3,signflip,2,1.0,2,0.18051470588235294
17,4,signflip,2,1.0,2,0.18559966216216217
17,5,signflip,2,1.0,2,0.19759615384615384
17,6,signflip,2,1.0,2,0.16497093023255813
17,7,signflip,2,1.0,2,0.21979166666666666
17,8,signflip,2,1.0,2,0.2453327922077922
17,9,signflip,2,1.0,2,0.1786595394736842
18,0,signflip,2,1.0,2,0.029296875
18,1,signflip,2,1.0,2,0.01838235294117647
18,2,signflip,2,1.0,2,0.1984375
18,3,signflip,2,1.0,2,0.16691176470588234
18,4,signflip,2,1.0,2,0.18454391891891891
18,5,signflip,2,1.0,2,0.1997596153846154
18,6,signflip,2,1.0,2,0.17332848837209303
18,7,signflip,2,1.0,2,0.22833333333333333
18,8,signflip,2,1.0,2,0.23863636363636365
18,9,signflip,2,1.0,2,0.20333059210526316
19,0,signflip,2,1.0,2,0.0380859375
19,1,signflip,2,1.0,2,0.006433823529411764
19,2,signflip,2,1.0,2,0.2064236111111111
19,3,signflip,2,1.0,2,0.1900735294117647
19,4,signflip,2,1.0,2,0.1858108108108108
19,5,signflip,2,1.0,2,0.22283653846153847
19,6,signflip,2,1.0,2,0.17278343023255813
19,7,signflip,2,1.0,2,0.24958333333333332
19,8,signflip,2,1.0,2,0.22808441558441558
19,9,signflip,2,1.0,2,0.20374177631578946
20,0,signflip,2,1.0,2,0.0341796875
20,1,signflip,2,1.0,2,0.011397058823529411
20,2,signflip,2,1.0,2,0.19895833333333332
20,3,signflip,2,1.0,2,0.20128676470588236
20,4,signflip,2,1.0,2,0.15519425675675674
20,5,signflip,2,1.0,2,0.2389423076923077
20,6,signflip,2,1.0,2,0.1894985465116279
20,7,signflip,2,1.0,2,0.25166666666666665
20,8,signflip,2,1.0,2,0.2268668831168831
20,9,signflip,2,1.0,2,0.19654605263157895
21,0,signflip,2,1.0,2,0.039306640625
21,1,signflip,2,1.0,2,0.0125
21,2,signflip,2,1.0,2,0.19583333333333333
21,3,signflip,2,1.0,2,0.19669117647058823
21,4,signflip,2,1.0,2,0.20249155405405406
21,5,signflip,2,1.0,2,0.19471153846153846
21,6,signflip,2,1.0,2,0.1789607558139535
21,7,signflip,2,1.0,2,0.25354166666666667
21,8,signflip,2,1.0,2,0.24168019480519481
21,9,signflip,2,1.0,2,0.21731085526315788
22,0,signflip,2,1.0,2,0.01806640625
22,1,signflip,2,1.0,2,0.009191176470588236
22,2,signflip,2,1.0,2,0.19114583333333332
22,3,signflip,2,1.0,2,0.16525735294117647
22,4,signflip,2,1.0,2,0.22001689189189189
22,5,signflip,2,1.0,2,0.21899038461538461
22,6,signflip,2,1.0,2,0.19113372093023256
22,7,signflip,2,1.0,2,0.22291666666666668
22,8,signflip,2,1.0,2,0.2518262987012987
22,9,signflip,2,1.0,2,0.20785361842105263
23,0,signflip,2,1.0,2,0.024658203125
23,1,signflip,2,1.0,2,0.009375
23,2,signflip,2,1.0,2,0.20989583333333334
23,3,signflip,2,1.0,2,0.19540441176470588
23,4,signflip,2,1.0,2,0.23564189189189189
23,5,signflip,2,1.0,2,0.23413461538461539
23,6,signflip,2,1.0,2,0.20857558139534885
23,7,signflip,2,1.0,2,0.24979166666666666
23,8,signflip,2,1.0,2,0.22463474025974026
23,9,signflip,2,1.0,2,0.22697368421052633
24,0,signflip,2,1.0,2,0.033935546875
24,1,signflip,2,1.0,2,0.014705882352941176
24,2,signflip,2,1.0,2,0.2076388888888889
24,3,signflip,2,1.0,2,0.1963235294117647
24,4,signflip,2,1.0,2,0.21431587837837837
24,5,signflip,2,1.0,2,0.2423076923076923
24,6,signflip,2,1.0,2,0.20712209302325582
24,7,signflip,2,1.0,2,0.25833333333333336
24,8,signflip,2,1.0,2,0.24208603896103897
24,9,signflip,2,1.0,2,0.21484375
25,0,signflip,2,1.0,2,0.02685546875
25,1,signflip,2,1.0,2,0.015441176470588236
25,2,signflip,2,1.0,2,0.20711805555555557
25,3,signflip,2,1.0,2,0.19375
25,4,signflip,2,1.0,2,0.22761824324324326
25,5,signflip,2,1.0,2,0.24086538461538462
25,6,signflip,2,1.0,2,0.19222383720930233
25,7,signflip,2,1.0,2,0.24916666666666668
25,8,signflip,2,1.0,2,0.27232142857142855
25,9,signflip,2,1.0,2,0.23478618421052633
26,0,signflip,2,1.0,2,0.036865234375
26,1,signflip,2,1.0,2,0.017830882352941176
26,2,signflip,2,1.0,2,0.20607638888888888
26,3,signflip,2,1.0,2,0.20974264705882353
26,4,signflip,2,1.0,2,0.22719594594594594
26,5,signflip,2,1.0,2,0.2108173076923077
26,6,signflip,2,1.0,2,0.2102107558139535
26,7,signflip,2,1.0,2,0.2764583333333333
26,8,signflip,2,1.0,2,0.24370941558441558
26,9,signflip,2,1.0,2,0.2504111842105263
27,0,signflip,2,1.0,2,0.029052734375
27,1,signflip,2,1.0,2,0.012867647058823529
27,2,signflip,2,1.0,2,0.2185763888888889
27,3,signflip,2,1.0,2,0.2130514705882353
27,4,signflip,2,1.0,2,0.22951858108108109
27,5,signflip,2,1.0,2,0.24615384615384617
27,6,signflip,2,1.0,2,0.20857558139534885
27,7,signflip,2,1.0,2,0.2679166666666667
27,8,signflip,2,1.0,2,0.27232142857142855
27,9,signflip,2,1.0,2,0.24444901315789475
28,0,signflip,2,1.0,2,0.02490234375
28,1,signflip,2,1.0,2,0.019301470588235295
28,2,signflip,2,1.0,2,0.23489583333333333
28,3,signflip,2,1.0,2,0.21544117647058825
28,4,signflip,2,1.0,2,0.21980574324324326
28,5,signflip,2,1.0,2,0.22764423076923077
28,6,signflip,2,1.0,2,0.2038517441860465
28,7,signflip,2,1.0,2,0.24958333333333332
28,8,signflip,2,1.0,2,0.2609577922077922
28,9,signflip,2,1.0,2,0.19777960526315788
29,0,signflip,2,1.0,2,0.017822265625
29,1,signflip,2,1.0,2,0.01948529411764706
29,2,signflip,2,1.0,2,0.221875
29,3,signflip,2,1.0,2,0.21838235294117647
29,4,signflip,2,1.0,2,0.21283783783783783
29,5,signflip,2,1.0,2,0.23990384615384616
29,6,signflip,2,1.0,2,0.1980377906976744
29,7,signflip,2,1.0,2,0.278125
29,8,signflip,2,1.0,2,0.2536525974025974
29,9,signflip,2,1.0,2,0.2565789473684211
30,0,signflip,2,1.0,2,0.02880859375
30,1,signflip,2,1.0,2,0.025919117647058825
30,2,signflip,2,1.0,2,0.215625
30,3,signflip,2,1.0,2,0.2400735294117647
30,4,signflip,2,1.0,2,0.22339527027027026
30,5,signflip,2,1.0,2,0.23413461538461539
30,6,signflip,2,1.0,2,0.19767441860465115
30,7,signflip,2,1.0,2,0.24895833333333334
30,8,signflip,2,1.0,2,0.2532467532467532
30,9,signflip,2,1.0,2,0.24177631578947367
31,0,signflip,2,1.0,2,0.018798828125
31,1,signflip,2,1.0,2,0.023161764705882354
31,2,signflip,2,1.0,2,0.2375
31,3,signflip,2,1.0,2,0.21415441176470587
31,4,signflip,2,1.0,2,0.23184121621621623
31,5,signflip,2,1.0,2,0.26153846153846155
31,6,signflip,2,1.0,2,0.2082122093023256
31,7,signflip,2,1.0,2,0.28520833333333334
31,8,signflip,2,1.0,2,0.2851055194805195
31,9,signflip,2,1.0,2,0.23499177631578946
32,0,signflip,2,1.0,2,0.023193359375
32,1,signflip,2,1.0,2,0.02389705882352941
32,2,signflip,2,1.0,2,0.23576388888888888
32,3,signflip,2,1.0,2,0.24411764705882352
32,4,signflip,2,1.0,2,0.23289695945945946
32,5,signflip,2,1.0,2,0.2502403846153846
32,6,signflip,2,1.0,2,0.21765988372093023
32,7,signflip,2,1.0,2,0.291875
32,8,signflip,2,1.0,2,0.24857954545454544
32,9,signflip,2,1.0,2,0.2592516447368421
33,0,signflip,2,1.0,2,0.03759765625
33,1,signflip,2,1.0,2,0.026470588235294117
33,2,signflip,2,1.0,2,0.2328125
33,3,signflip,2,1.0,2,0.20128676470588236
33,4,signflip,2,1.0,2,0.21853885135135134
33,5,signflip,2,1.0,2,0.26826923076923076
33,6,signflip,2,1.0,2,0.22601744186046513
33,7,signflip,2,1.0,2,0.2708333333333333
33,8,signflip,2,1.0,2,0.2767857142857143
33,9,signflip,2,1.0,2,0.2565789473684211
34,0,signflip,2,1.0,2,0.029296875
34,1,signflip,2,1.0,2,0.021139705882352942
34,2,signflip,2,1.0,2,0.24600694444444443
34,3,signflip,2,1.0,2,0.23327205882352942
34,4,signflip,2,1.0,2,0.24451013513513514
34,5,signflip,2,1.0,2,0.2701923076923077
34,6,signflip,2,1.0,2,0.22056686046511628
34,7,signflip,2,1.0,2,0.30354166666666665
34,8,signflip,2,1.0,2,0.28348214285714285
34,9,signflip,2,1.0,2,0.24527138157894737
35,0,signflip,2,1.0,2,0.035400390625
35,1,signflip,2,1.0,2,0.016911764705882352
35,2,signflip,2,1.0,2,0.2232638888888889
35,3,signflip,2,1.0,2,0.2286764705882353
35,4,signflip,2,1.0,2,0.24514358108108109
35,5,signflip,2,1.0,2,0.27331730769230766
35,6,signflip,2,1.0,2,0.2336482558139535
35,7,signflip,2,1.0,2,0.285625
35,8,signflip,2,1.0,2,0.2844967532467532
35,9,signflip,2,1.0,2,0.25
36,0,signflip,2,1.0,2,0.026611328125
36,1,signflip,2,1.0,2,0.031066176470588236
36,2,signflip,2,1.0,2,0.21649305555555556
36,3,signflip,2,1.0,2,0.21691176470588236
36,4,signflip,2,1.0,2,0.21811655405405406
36,5,signflip,2,1.0,2,0.2831730769230769
36,6,signflip,2,1.0,2,0.24091569767441862
36,7,signflip,2,1.0,2,0.2925
36,8,signflip,2,1.0,2,0.27171266233766234
36,9,signflip,2,1.0,2,0.25760690789473684
37,0,signflip,2,1.0,2,0.040283203125
37,1,signflip,2,1.0,2,0.01875
37,2,signflip,2,1.0,2,0.24930555555555556
37,3,signflip,2,1.0,2,0.23474264705882353
37,4,signflip,2,1.0,2,0.24809966216216217
37,5,signflip,2,1.0,2,0.2670673076923077
37,6,signflip,2,1.0,2,0.22946947674418605
37,7,signflip,2,1.0,2,0.28041666666666665
37,8,signflip,2,1.0,2,0.30823863636363635
37,9,signflip,2,1.0,2,0.27179276315789475
38,0,signflip,2,1.0,2,0.056884765625
38,1,signflip,2,1.0,2,0.019669117647058823
38,2,signflip,2,1.0,2,0.24704861111111112
38,3,signflip,2,1.0,2,0.2244485294117647
38,4,signflip,2,1.0,2,0.2607685810810811
38,5,signflip,2,1.0,2,0.25841346153846156
38,6,signflip,2,1.0,2,0.2480014534883721
38,7,signflip,2,1.0,2,0.27145833333333336
38,8,signflip,2,1.0,2,0.3001217532467532
38,9,signflip,2,1.0,2,0.2709703947368421
39,0,signflip,2,1.0,2,0.044189453125
39,1,signflip,2,1.0,2,0.024816176470588234
39,2,signflip,2,1.0,2,0.2548611111111111
39,3,signflip,2,1.0,2,0.25238970588235293
39,4,signflip,2,1.0,2,0.24366554054054054
39,5,signflip,2,1.0,2,0.2824519230769231
39,6,signflip,2,1.0,2,0.2134811046511628
39,7,signflip,2,1.0,2,0.2833333333333333
39,8,signflip,2,1.0,2,0.30296266233766234
39,9,signflip,2,1.0,2,0.2559621710526316
40,0,signflip,2,1.0,2,0.0517578125
40,1,signflip,2,1.0,2,0.03400735294117647
40,2,signflip,2,1.0,2,0.26163194444444443
40,3,signflip,2,1.0,2,0.2375
40,4,signflip,2,1.0,2,0.21135979729729729
40,5,signflip,2,1.0,2,0.28701923076923075
40,6,signflip,2,1.0,2,0.2532703488372093
40,7,signflip,2,1.0,2,0.294375
40,8,signflip,2,1.0,2,0.304788961038961
40,9,signflip,2,1.0,2,0.2738486842105263
41,0,signflip,2,1.0,2,0.038818359375
41,1,signflip,2,1.0,2,0.02022058823529412
41,2,signflip,2,1.0,2,0.25399305555555557
41,3,signflip,2,1.0,2,0.24650735294117648
41,4,signflip,2,1.0,2,0.24345439189189189
41,5,signflip,2,1.0,2,0.28389423076923076
41,6,signflip,2,1.0,2,0.2336482558139535
41,7,signflip,2,1.0,2,0.30333333333333334
41,8,signflip,2,1.0,2,0.2924107142857143
41,9,signflip,2,1.0,2,0.2534950657894737
42,0,signflip,2,1.0,2,0.05908203125
42,1,signflip,2,1.0,2,0.025183823529411765
42,2,signflip,2,1.0,2,0.2638888888888889
42,3,signflip,2,1.0,2,0.23841911764705884
42,4,signflip,2,1.0,2,0.26942567567567566
42,5,signflip,2,1.0,2,0.26658653846153846
42,6,signflip,2,1.0,2,0.23564680232558138
42,7,signflip,2,1.0,2,0.285
42,8,signflip,2,1.0,2,0.3078327922077922
42,9,signflip,2,1.0,2,0.28351151315789475
43,0,signflip,2,1.0,2,0.019775390625
43,1,signflip,2,1.0,2,0.04283088235294118
43,2,signflip,2,1.0,2,0.25850694444444444
43,3,signflip,2,1.0,2,0.2560661764705882
43,4,signflip,2,1.0,2,0.2687922297297297
43,5,signflip,2,1.0,2,0.2762019230769231
43,6,signflip,2,1.0,2,0.2530886627906977
43,7,signflip,2,1.0,2,0.32479166666666665
43,8,signflip,2,1.0,2,0.32203733766233766
43,9,signflip,2,1.0,2,0.29708059210526316
44,0,signflip,2,1.0,2,0.04931640625
44,1,signflip,2,1.0,2,0.02077205882352941
44,2,signflip,2,1.0,2,0.26024305555555555
44,3,signflip,2,1.0,2,0.2584558823529412
44,4,signflip,2,1.0,2,0.28040540540540543
44,5,signflip,2,1.0,2,0.29302884615384617
44,6,signflip,2,1.0,2,0.26035610465116277
44,7,signflip,2,1.0,2,0.3152083333333333
44,8,signflip,2,1.0,2,0.31493506493506496
44,9,signflip,2,1.0,2,0.265625
45,0,signflip,2,1.0,2,0.040283203125
45,1,signflip,2,1.0,2,0.01875
45,2,signflip,2,1.0,2,0.2907986111111111
45,3,signflip,2,1.0,2,0.265625
45,4,signflip,2,1.0,2,0.27597128378378377
45,5,signflip,2,1.0,2,0.2831730769230769
45,6,signflip,2,1.0,2,0.25563226744186046
45,7,signflip,2,1.0,2,0.33
45,8,signflip,2,1.0,2,0.30742694805194803
45,9,signflip,2,1.0,2,0.28022203947368424
46,0,signflip,2,1.0,2,0.042724609375
46,1,signflip,2,1.0,2,0.030147058823529412
46,2,signflip,2,1.0,2,0.28055555555555556
46,3,signflip,2,1.0,2,0.2670955882352941
46,4,signflip,2,1.0,2,0.26963682432432434
46,5,signflip,2,1.0,2,0.2899038461538462
46,6,signflip,2,1.0,2,0.2710755813953488
46,7,signflip,2,1.0,2,0.309375
46,8,signflip,2,1.0,2,0.3301542207792208
46,9,signflip,2,1.0,2,0.2911184210526316
47,0,signflip,2,1.0,2,0.04443359375
47,1,signflip,2,1.0,2,0.02426470588235294
47,2,signflip,2,1.0,2,0.28715277777777776
47,3,signflip,2,1.0,2,0.2580882352941177
47,4,signflip,2,1.0,2,0.28061655405405406
47,5,signflip,2,1.0,2,0.2759615384615385
47,6,signflip,2,1.0,2,0.256359011627907
47,7,signflip,2,1.0,2,0.340625
47,8,signflip,2,1.0,2,0.3216314935064935
47,9,signflip,2,1.0,2,0.2767269736842105
48,0,signflip,2,1.0,2,0.039794921875
48,1,signflip,2,1.0,2,0.020588235294117647
48,2,signflip,2,1.0,2,0.2769097222222222
48,3,signflip,2,1.0,2,0.27261029411764703
48,4,signflip,2,1.0,2,0.2685810810810811
48,5,signflip,2,1.0,2,0.29447115384615385
48,6,signflip,2,1.0,2,0.2663517441860465
48,7,signflip,2,1.0,2,0.3229166666666667
48,8,signflip,2,1.0,2,0.299512987012987
48,9,signflip,2,1.0,2,0.2942023026315789
49,0,signflip,2,1.0,2,0.046630859375
49,1,signflip,2,1.0,2,0.022794117647058822
49,2,signflip,2,1.0,2,0.29097222222222224
49,3,signflip,2,1.0,2,0.2615808823529412
49,4,signflip,2,1.0,2,0.2782939189189189
49,5,signflip,2,1.0,2,0.2966346153846154
49,6,signflip,2,1.0,2,0.27089389534883723
49,7,signflip,2,1.0,2,0.3258333333333333
49,8,signflip,2,1.0,2,0.3248782467532468
49,9,signflip,2,1.0,2,0.3020148026315789
50,0,signflip,2,1.0,2,0.0458984375
50,1,signflip,2,1.0,2,0.02738970588235294
50,2,signflip,2,1.0,2,0.28177083333333336
50,3,signflip,2,1.0,2,0.2722426470588235
50,4,signflip,2,1.0,2,0.2903293918918919
50,5,signflip,2,1.0,2,0.29254807692307694
50,6,signflip,2,1.0,2,0.27761627906976744
50,7,signflip,2,1.0,2,0.3225
50,8,signflip,2,1.0,2,0.3338068181818182
50,9,signflip,2,1.0,2,0.2896792763157895
51,0,signflip,2,1.0,2,0.025146484375
51,1,signflip,2,1.0,2,0.03327205882352941
51,2,signflip,2,1.0,2,0.2795138888888889
51,3,signflip,2,1.0,2,0.2667279411764706
51,4,signflip,2,1.0,2,0.29940878378378377
51,5,signflip,2,1.0,2,0.3096153846153846
51,6,signflip,2,1.0,2,0.25490552325581395
51,7,signflip,2,1.0,2,0.30270833333333336
51,8,signflip,2,1.0,2,0.32711038961038963
51,9,signflip,2,1.0,2,0.3050986842105263
52,0,signflip,2,1.0,2,0.048828125
52,1,signflip,2,1.0,2,0.03419117647058824
52,2,signflip,2,1.0,2,0.31059027777777776
52,3,signflip,2,1.0,2,0.2711397058823529
52,4,signflip,2,1.0,2,0.29793074324324326
52,5,signflip,2,1.0,2,0.31466346153846153
52,6,signflip,2,1.0,2,0.26780523255813954
52,7,signflip,2,1.0,2,0.344375
52,8,signflip,2,1.0,2,0.33887987012987014
52,9,signflip,2,1.0,2,0.30550986842105265
53,0,signflip,2,1.0,2,0.043212890625
53,1,signflip,2,1.0,2,0.031985294117647056
53,2,signflip,2,1.0,2,0.3060763888888889
53,3,signflip,2,1.0,2,0.2766544117647059
53,4,signflip,2,1.0,2,0.2922297297297297
53,5,signflip,2,1.0,2,0.31322115384615384
53,6,signflip,2,1.0,2,0.28034156976744184
53,7,signflip,2,1.0,2,0.34479166666666666
53,8,signflip,2,1.0,2,0.30093344155844154
53,9,signflip,2,1.0,2,0.27323190789473684
54,0,signflip,2,1.0,2,0.044189453125
54,1,signflip,2,1.0,2,0.03216911764705882
54,2,signflip,2,1.0,2,0.29913194444444446
54,3,signflip,2,1.0,2,0.28051470588235294
54,4,signflip,2,1.0,2,0.29624155405405406
54,5,signflip,2,1.0,2,0.32259615384615387
54,6,signflip,2,1.0,2,0.2707122093023256
54,7,signflip,2,1.0,2,0.30520833333333336
54,8,signflip,2,1.0,2,0.3210227272727273
54,9,signflip,2,1.0,2,0.30838815789473684
55,0,signflip,2,1.0,2,0.055419921875
55,1,signflip,2,1.0,2,0.03125
55,2,signflip,2,1.0,2,0.3081597222222222
55,3,signflip,2,1.0,2,0.29650735294117647
55,4,signflip,2,1.0,2,0.30384290540540543
55,5,signflip,2,1.0,2,0.31201923076923077
55,6,signflip,2,1.0,2,0.28924418604651164
55,7,signflip,2,1.0,2,0.3433333333333333
55,8,signflip,2,1.0,2,0.3159496753246753
55,9,signflip,2,1.0,2,0.29317434210526316
56,0,signflip,2,1.0,2,0.04736328125
56,1,signflip,2,1.0,2,0.027205882352941177
56,2,signflip,2,1.0,2,0.3046875
56,3,signflip,2,1.0,2,0.3034926470588235
56,4,signflip,2,1.0,2,0.3141891891891892
56,5,signflip,2,1.0,2,0.30528846153846156
56,6,signflip,2,1.0,2,0.26526162790697677
56,7,signflip,2,1.0,2,0.3260416666666667
56,8,signflip,2,1.0,2,0.3344155844155844
56,9,signflip,2,1.0,2,0.29975328947368424
57,0,signflip,2,1.0,2,0.052490234375
57,1,signflip,2,1.0,2,0.040625
57,2,signflip,2,1.0,2,0.2977430555555556
57,3,signflip,2,1.0,2,0.2952205882352941
57,4,signflip,2,1.0,2,0.29919763513513514
57,5,signflip,2,1.0,2,0.3228365384615385
57,6,signflip,2,1.0,2,0.2598110465116279
57,7,signflip,2,1.0,2,0.316875
57,8,signflip,2,1.0,2,0.32771915584415584
57,9,signflip,2,1.0,2,0.3026315789473684
58,0,signflip,2,1.0,2,0.04931640625
58,1,signflip,2,1.0,2,0.030147058823529412
58,2,signflip,2,1.0,2,0.27100694444444445
58,3,signflip,2,1.0,2,0.27738970588235295
58,4,signflip,2,1.0,2,0.28652871621621623
58,5,signflip,2,1.0,2,0.321875
58,6,signflip,2,1.0,2,0.2699854651162791
58,7,signflip,2,1.0,2,0.34541666666666665
58,8,signflip,2,1.0,2,0.34395292207792205
58,9,signflip,2,1.0,2,0.33120888157894735
59,0,signflip,2,1.0,2,0.03466796875
59,1,signflip,2,1.0,2,0.03125
59,2,signflip,2,1.0,2,0.28489583333333335
59,3,signflip,2,1.0,2,0.30625
59,4,signflip,2,1.0,2,0.3158783783783784
59,5,signflip,2,1.0,2,0.32884615384615384
59,6,signflip,2,1.0,2,0.29433139534883723
59,7,signflip,2,1.0,2,0.355
59,8,signflip,2,1.0,2,0.3650568181818182
59,9,signflip,2,1.0,2,0.3168174342105263
60,0,signflip,2,1.0,2,0.03955078125
60,1,signflip,2,1.0,2,0.03823529411764706
60,2,signflip,2,1.0,2,0.28315972222222224
60,3,signflip,2,1.0,2,0.296875
60,4,signflip,2,1.0,2,0.30975506756756754
60,5,signflip,2,1.0,2,0.325
60,6,signflip,2,1.0,2,0.2663517441860465
60,7,signflip,2,1.0,2,0.3614583333333333
60,8,signflip,2,1.0,2,0.3471996753246753
60,9,signflip,2,1.0,2,0.3299753289473684
61,0,signflip,2,1.0,2,0.04541015625
61,1,signflip,2,1.0,2,0.02665441176470588
61,2,signflip,2,1.0,2,0.3081597222222222
61,3,signflip,2,1.0,2,0.3073529411764706
61,4,signflip,2,1.0,2,0.2981418918918919
61,5,signflip,2,1.0,2,0.3264423076923077
61,6,signflip,2,1.0,2,0.29269622093023256
61,7,signflip,2,1.0,2,0.356875
61,8,signflip,2,1.0,2,0.3482142857142857
61,9,signflip,2,1.0,2,0.32976973684210525
62,0,signflip,2,1.0,2,0.077880859375
62,1,signflip,2,1.0,2,0.038786764705882354
62,2,signflip,2,1.0,2,0.3206597222222222
62,3,signflip,2,1.0,2,0.2869485294117647
62,4,signflip,2,1.0,2,0.30996621621621623
62,5,signflip,2,1.0,2,0.3247596153846154
62,6,signflip,2,1.0,2,0.29196947674418605
62,7,signflip,2,1.0,2,0.355
62,8,signflip,2,1.0,2,0.34983766233766234
62,9,signflip,2,1.0,2,0.3137335526315789
63,0,signflip,2,1.0,2,0.0576171875
63,1,signflip,2,1.0,2,0.038419117647058826
63,2,signflip,2,1.0,2,0.3137152777777778
63,3,signflip,2,1.0,2,0.3200367647058823
63,4,signflip,2,1.0,2,0.31440033783783783
63,5,signflip,2,1.0,2,0.34134615384615385
63,6,signflip,2,1.0,2,0.29705668604651164
63,7,signflip,2,1.0,2,0.3383333333333333
63,8,signflip,2,1.0,2,0.35186688311688313
63,9,signflip,2,1.0,2,0.30962171052631576
64,0,signflip,2,1.0,2,0.07373046875
64,1,signflip,2,1.0,2,0.05275735294117647
64,2,signflip,2,1.0,2,0.3032986111111111
64,3,signflip,2,1.0,2,0.30716911764705884
64,4,signflip,2,1.0,2,0.3108108108108108
64,5,signflip,2,1.0,2,0.32043269230769234
64,6,signflip,2,1.0,2,0.30577761627906974
64,7,signflip,2,1.0,2,0.379375
64,8,signflip,2,1.0,2,0.36992694805194803
64,9,signflip,2,1.0,2,0.32421875
65,0,signflip,2,1.0,2,0.064208984375
65,1,signflip,2,1.0,2,0.03713235294117647
65,2,signflip,2,1.0,2,0.3185763888888889
65,3,signflip,2,1.0,2,0.2928308823529412
65,4,signflip,2,1.0,2,0.31228885135135137
65,5,signflip,2,1.0,2,0.3329326923076923
65,6,signflip,2,1.0,2,0.2856104651162791
65,7,signflip,2,1.0,2,0.3464583333333333
65,8,signflip,2,1.0,2,0.3599837662337662
65,9,signflip,2,1.0,2,0.3118832236842105
66,0,signflip,2,1.0,2,0.07275390625
66,1,signflip,2,1.0,2,0.03566176470588235
66,2,signflip,2,1.0,2,0.2947916666666667
66,3,signflip,2,1.0,2,0.29724264705882353
66,4,signflip,2,1.0,2,0.31334459459459457
66,5,signflip,2,1.0,2,0.33774038461538464
66,6,signflip,2,1.0,2,0.296875
66,7,signflip,2,1.0,2,0.35375
66,8,signflip,2,1.0,2,0.3794642857142857
66,9,signflip,2,1.0,2,0.3305921052631579
67,0,signflip,2,1.0,2,0.074951171875
67,1,signflip,2,1.0,2,0.03823529411764706
67,2,signflip,2,1.0,2,0.30572916666666666
67,3,signflip,2,1.0,2,0.3229779411764706
67,4,signflip,2,1.0,2,0.3277027027027027
67,5,signflip,2,1.0,2,0.33966346153846155
67,6,signflip,2,1.0,2,0.28942587209302323
67,7,signflip,2,1.0,2,0.354375
67,8,signflip,2,1.0,2,0.36241883116883117
67,9,signflip,2,1.0,2,0.3246299342105263
68,0,signflip,2,1.0,2,0.0419921875
68,1,signflip,2,1.0,2,0.03363970588235294
68,2,signflip,2,1.0,2,0.2869791666666667
68,3,signflip,2,1.0,2,0.31176470588235294
68,4,signflip,2,1.0,2,0.3363597972972973
68,5,signflip,2,1.0,2,0.34615384615384615
68,6,signflip,2,1.0,2,0.3092296511627907
68,7,signflip,2,1.0,2,0.34791666666666665
68,8,signflip,2,1.0,2,0.37256493506493504
68,9,signflip,2,1.0,2,0.30941611842105265
69,0,signflip,2,1.0,2,0.064208984375
69,1,signflip,2,1.0,2,0.030330882352941176
69,2,signflip,2,1.0,2,0.29913194444444446
69,3,signflip,2,1.0,2,0.32077205882352944
69,4,signflip,2,1.0,2,0.33192567567567566
69,5,signflip,2,1.0,2,0.34278846153846154
69,6,signflip,2,1.0,2,0.30886627906976744
69,7,signflip,2,1.0,2,0.33770833333333333
69,8,signflip,2,1.0,2,0.36241883116883117
69,9,signflip,2,1.0,2,0.3379934210526316
70,0,signflip,2,1.0,2,0.052734375
70,1,signflip,2,1.0,2,0.046691176470588236
70,2,signflip,2,1.0,2,0.30520833333333336
70,3,signflip,2,1.0,2,0.31323529411764706
70,4,signflip,2,1.0,2,0.34438344594594594
70,5,signflip,2,1.0,2,0.33245192307692306
70,6,signflip,2,1.0,2,0.3183139534883721
70,7,signflip,2,1.0,2,0.35083333333333333
70,8,signflip,2,1.0,2,0.37256493506493504
70,9,signflip,2,1.0,2,0.32504111842105265
71,0,signflip,2,1.0,2,0.0615234375
71,1,signflip,2,1.0,2,0.045588235294117645
71,2,signflip,2,1.0,2,0.31354166666666666
71,3,signflip,2,1.0,2,0.2761029411764706
71,4,signflip,2,1.0,2,0.30236486486486486
71,5,signflip,2,1.0,2,0.3127403846153846
71,6,signflip,2,1.0,2,0.2941497093023256
71,7,signflip,2,1.0,2,0.34458333333333335
71,8,signflip,2,1.0,2,0.3877840909090909
71,9,signflip,2,1.0,2,0.31558388157894735
72,0,signflip,2,1.0,2,0.06884765625
72,1,signflip,2,1.0,2,0.02849264705882353
72,2,signflip,2,1.0,2,0.3246527777777778
72,3,signflip,2,1.0,2,0.3215073529411765
72,4,signflip,2,1.0,2,0.3013091216216216
72,5,signflip,2,1.0,2,0.359375
72,6,signflip,2,1.0,2,0.3163154069767442
72,7,signflip,2,1.0,2,0.35875
72,8,signflip,2,1.0,2,0.3969155844155844
72,9,signflip,2,1.0,2,0.34745065789473684
73,0,signflip,2,1.0,2,0.070556640625
73,1,signflip,2,1.0,2,0.04301470588235294
73,2,signflip,2,1.0,2,0.3265625
73,3,signflip,2,1.0,2,0.3238970588235294
73,4,signflip,2,1.0,2,0.3338260135135135
73,5,signflip,2,1.0,2,0.33653846153846156
73,6,signflip,2,1.0,2,0.30632267441860467
73,7,signflip,2,1.0,2,0.37645833333333334
73,8,signflip,2,1.0,2,0.362012987012987
73,9,signflip,2,1.0,2,0.3301809210526316
74,0,signflip,2,1.0,2,0.065185546875
74,1,signflip,2,1.0,2,0.04209558823529412
74,2,signflip,2,1.0,2,0.3199652777777778
74,3,signflip,2,1.0,2,0.3229779411764706
74,4,signflip,2,1.0,2,0.33572635135135137
74,5,signflip,2,1.0,2,0.33197115384615383
74,6,signflip,2,1.0,2,0.318859011627907
74,7,signflip,2,1.0,2,0.37333333333333335
74,8,signflip,2,1.0,2,0.3851461038961039
74,9,signflip,2,1.0,2,0.3575246710526316
75,0,signflip,2,1.0,2,0.050537109375
75,1,signflip,2,1.0,2,0.04338235294117647
75,2,signflip,2,1.0,2,0.31631944444444443
75,3,signflip,2,1.0,2,0.3246323529411765
75,4,signflip,2,1.0,2,0.3247466216216216
75,5,signflip,2,1.0,2,0.35889423076923077
75,6,signflip,2,1.0,2,0.31159156976744184
75,7,signflip,2,1.0,2,0.36916666666666664
75,8,signflip,2,1.0,2,0.38818993506493504
75,9,signflip,2,1.0,2,0.34375
76,0,signflip,2,1.0,2,0.06494140625
76,1,signflip,2,1.0,2,0.03400735294117647
76,2,signflip,2,1.0,2,0.32395833333333335
76,3,signflip,2,1.0,2,0.3170955882352941
76,4,signflip,2,1.0,2,0.33678209459459457
76,5,signflip,2,1.0,2,0.35096153846153844
76,6,signflip,2,1.0,2,0.30632267441860467
76,7,signflip,2,1.0,2,0.3777083333333333
76,8,signflip,2,1.0,2,0.3678977272727273
76,9,signflip,2,1.0,2,0.36410361842105265
77,0,signflip,2,1.0,2,0.053955078125
77,1,signflip,2,1.0,2,0.05165441176470588
77,2,signflip,2,1.0,2,0.31753472222222223
77,3,signflip,2,1.0,2,0.3049632352941177
77,4,signflip,2,1.0,2,0.30553209459459457
77,5,signflip,2,1.0,2,0.35096153846153844
77,6,signflip,2,1.0,2,0.31922238372093026
77,7,signflip,2,1.0,2,0.36770833333333336
77,8,signflip,2,1.0,2,0.37094155844155846
77,9,signflip,2,1.0,2,0.35320723684210525
78,0,signflip,2,1.0,2,0.059326171875
78,1,signflip,2,1.0,2,0.0375
78,2,signflip,2,1.0,2,0.3269097222222222
78,3,signflip,2,1.0,2,0.3104779411764706
78,4,signflip,2,1.0,2,0.3251689189189189
78,5,signflip,2,1.0,2,0.3685096153846154
78,6,signflip,2,1.0,2,0.3077761627906977
78,7,signflip,2,1.0,2,0.38958333333333334
78,8,signflip,2,1.0,2,0.40219155844155846
78,9,signflip,2,1.0,2,0.35074013157894735
79,0,signflip,2,1.0,2,0.069580078125
79,1,signflip,2,1.0,2,0.046691176470588236
79,2,signflip,2,1.0,2,0.3338541666666667
79,3,signflip,2,1.0,2,0.31580882352941175
79,4,signflip,2,1.0,2,0.31313344594594594
79,5,signflip,2,1.0,2,0.33389423076923075
79,6,signflip,2,1.0,2,0.3261264534883721
79,7,signflip,2,1.0,2,0.39979166666666666
79,8,signflip,2,1.0,2,0.398336038961039
79,9,signflip,2,1.0,2,0.35958059210526316
80,0,signflip,2,1.0,2,0.057373046875
80,1,signflip,2,1.0,2,0.04577205882352941
80,2,signflip,2,1.0,2,0.3194444444444444
80,3,signflip,2,1.0,2,0.32536764705882354
80,4,signflip,2,1.0,2,0.3391047297297297
80,5,signflip,2,1.0,2,0.36538461538461536
80,6,signflip,2,1.0,2,0.303234011627907
80,7,signflip,2,1.0,2,0.39458333333333334
80,8,signflip,2,1.0,2,0.3859577922077922
80,9,signflip,2,1.0,2,0.3618421052631579
81,0,signflip,2,1.0,2,0.07763671875
81,1,signflip,2,1.0,2,0.03897058823529412
81,2,signflip,2,1.0,2,0.3484375
81,3,signflip,2,1.0,2,0.33088235294117646
81,4,signflip,2,1.0,2,0.32094594594594594
81,5,signflip,2,1.0,2,0.35192307692307695
81,6,signflip,2,1.0,2,0.3215843023255814
81,7,signflip,2,1.0,2,0.388125
81,8,signflip,2,1.0,2,0.39488636363636365
81,9,signflip,2,1.0,2,0.33100328947368424
82,0,signflip,2,1.0,2,0.0546875
82,1,signflip,2,1.0,2,0.03363970588235294
82,2,signflip,2,1.0,2,0.3524305555555556
82,3,signflip,2,1.0,2,0.3518382352941177
82,4,signflip,2,1.0,2,0.32706925675675674
82,5,signflip,2,1.0,2,0.3778846153846154
82,6,signflip,2,1.0,2,0.27870639534883723
82,7,signflip,2,1.0,2,0.37895833333333334
82,8,signflip,2,1.0,2,0.3431412337662338
82,9,signflip,2,1.0,2,0.36328125
83,0,signflip,2,1.0,2,0.048828125
83,1,signflip,2,1.0,2,0.03621323529411765
83,2,signflip,2,1.0,2,0.3220486111111111
83,3,signflip,2,1.0,2,0.31525735294117646
83,4,signflip,2,1.0,2,0.34923986486486486
83,5,signflip,2,1.0,2,0.37932692307692306
83,6,signflip,2,1.0,2,0.31468023255813954
83,7,signflip,2,1.0,2,0.38979166666666665
83,8,signflip,2,1.0,2,0.393262987012987
83,9,signflip,2,1.0,2,0.33902138157894735
84,0,signflip,2,1.0,2,0.06884765625
84,1,signflip,2,1.0,2,0.03621323529411765
84,2,signflip,2,1.0,2,0.3098958333333333
84,3,signflip,2,1.0,2,0.33198529411764705
84,4,signflip,2,1.0,2,0.3494510135135135
84,5,signflip,2,1.0,2,0.37235576923076924
84,6,signflip,2,1.0,2,0.33775436046511625
84,7,signflip,2,1.0,2,0.393125
84,8,signflip,2,1.0,2,0.40767045454545453
84,9,signflip,2,1.0,2,0.35074013157894735
85,0,signflip,2,1.0,2,0.066162109375
85,1,signflip,2,1.0,2,0.03786764705882353
85,2,signflip,2,1.0,2,0.3446180555555556
85,3,signflip,2,1.0,2,0.3292279411764706
85,4,signflip,2,1.0,2,0.35684121621621623
85,5,signflip,2,1.0,2,0.37091346153846155
85,6,signflip,2,1.0,2,0.34538517441860467
85,7,signflip,2,1.0,2,0.39416666666666667
85,8,signflip,2,1.0,2,0.41132305194805197
85,9,signflip,2,1.0,2,0.34991776315789475
86,0,signflip,2,1.0,2,0.107666015625
86,1,signflip,2,1.0,2,0.04264705882352941
86,2,signflip,2,1.0,2,0.34010416666666665
86,3,signflip,2,1.0,2,0.33786764705882355
86,4,signflip,2,1.0,2,0.37436655405405406
86,5,signflip,2,1.0,2,0.36009615384615384
86,6,signflip,2,1.0,2,0.32449127906976744
86,7,signflip,2,1.0,2,0.3929166666666667
86,8,signflip,2,1.0,2,0.39813311688311687
86,9,signflip,2,1.0,2,0.3456003289473684
87,0,signflip,2,1.0,2,0.067138671875
87,1,signflip,2,1.0,2,0.03400735294117647
87,2,signflip,2,1.0,2,0.3611111111111111
87,3,signflip,2,1.0,2,0.37224264705882354
87,4,signflip,2,1.0,2,0.3310810810810811
87,5,signflip,2,1.0,2,0.36201923076923076
87,6,signflip,2,1.0,2,0.33030523255813954
87,7,signflip,2,1.0,2,0.36791666666666667
87,8,signflip,2,1.0,2,0.38189935064935066
87,9,signflip,2,1.0,2,0.3599917763157895
88,0,signflip,2,1.0,2,0.048095703125
88,1,signflip,2,1.0,2,0.05238970588235294
88,2,signflip,2,1.0,2,0.3402777777777778
88,3,signflip,2,1.0,2,0.3512867647058823
88,4,signflip,2,1.0,2,0.35557432432432434
88,5,signflip,2,1.0,2,0.35528846153846155
88,6,signflip,2,1.0,2,0.33230377906976744
88,7,signflip,2,1.0,2,0.41125
88,8,signflip,2,1.0,2,0.40645292207792205
88,9,signflip,2,1.0,2,0.3745888157894737
89,0,signflip,2,1.0,2,0.055419921875
89,1,signflip,2,1.0,2,0.04834558823529412
89,2,signflip,2,1.0,2,0.33055555555555555
89,3,signflip,2,1.0,2,0.3139705882352941
89,4,signflip,2,1.0,2,0.34016047297297297
89,5,signflip,2,1.0,2,0.36009615384615384
89,6,signflip,2,1.0,2,0.34465843023255816
89,7,signflip,2,1.0,2,0.404375
89,8,signflip,2,1.0,2,0.4007711038961039
89,9,signflip,2,1.0,2,0.3696546052631579
90,0,signflip,2,1.0,2,0.081787109375
90,1,signflip,2,1.0,2,0.04356617647058823
90,2,signflip,2,1.0,2,0.3467013888888889
90,3,signflip,2,1.0,2,0.3516544117647059
90,4,signflip,2,1.0,2,0.3547297297297297
90,5,signflip,2,1.0,2,0.3836538461538462
90,6,signflip,2,1.0,2,0.35119912790697677
90,7,signflip,2,1.0,2,0.42
90,8,signflip,2,1.0,2,0.38555194805194803
90,9,signflip,2,1.0,2,0.36019736842105265
91,0,signflip,2,1.0,2,0.06884765625
91,1,signflip,2,1.0,2,0.051470588235294115
91,2,signflip,2,1.0,2,0.3680555555555556
91,3,signflip,2,1.0,2,0.3670955882352941
91,4,signflip,2,1.0,2,0.33699324324324326
91,5,signflip,2,1.0,2,0.3730769230769231
91,6,signflip,2,1.0,2,0.3626453488372093
91,7,signflip,2,1.0,2,0.39645833333333336
91,8,signflip,2,1.0,2,0.37276785714285715
91,9,signflip,2,1.0,2,0.38178453947368424
92,0,signflip,2,1.0,2,0.061279296875
92,1,signflip,2,1.0,2,0.04963235294117647
92,2,signflip,2,1.0,2,0.35399305555555555
92,3,signflip,2,1.0,2,0.3463235294117647
92,4,signflip,2,1.0,2,0.35135135135135137
92,5,signflip,2,1.0,2,0.36490384615384613
92,6,signflip,2,1.0,2,0.36500726744186046
92,7,signflip,2,1.0,2,0.4008333333333333
92,8,signflip,2,1.0,2,0.39468344155844154
92,9,signflip,2,1.0,2,0.36328125
93,0,signflip,2,1.0,2,0.077880859375
93,1,signflip,2,1.0,2,0.03952205882352941
93,2,signflip,2,1.0,2,0.36493055555555554
93,3,signflip,2,1.0,2,0.3577205882352941
93,4,signflip,2,1.0,2,0.3502956081081081
93,5,signflip,2,1.0,2,0.36947115384615387
93,6,signflip,2,1.0,2,0.35119912790697677
93,7,signflip,2,1.0,2,0.40270833333333333
93,8,signflip,2,1.0,2,0.40625
93,9,signflip,2,1.0,2,0.34930098684210525
94,0,signflip,2,1.0,2,0.072021484375
94,1,signflip,2,1.0,2,0.03988970588235294
94,2,signflip,2,1.0,2,0.3564236111111111
94,3,signflip,2,1.0,2,0.3472426470588235
94,4,signflip,2,1.0,2,0.3597972972972973
94,5,signflip,2,1.0,2,0.3540865384615385
94,6,signflip,2,1.0,2,0.34120639534883723
94,7,signflip,2,1.0,2,0.4222916666666667
94,8,signflip,2,1.0,2,0.414163961038961
94,9,signflip,2,1.0,2,0.36101973684210525
95,0,signflip,2,1.0,2,0.05908203125
95,1,signflip,2,1.0,2,0.051470588235294115
95,2,signflip,2,1.0,2,0.37604166666666666
95,3,signflip,2,1.0,2,0.3672794117647059
95,4,signflip,2,1.0,2,0.3576858108108108
95,5,signflip,2,1.0,2,0.39783653846153844
95,6,signflip,2,1.0,2,0.3430232558139535
95,7,signflip,2,1.0,2,0.38395833333333335
95,8,signflip,2,1.0,2,0.41517857142857145
95,9,signflip,2,1.0,2,0.3678042763157895
96,0,signflip,2,1.0,2,0.09619140625
96,1,signflip,2,1.0,2,0.044669117647058824
96,2,signflip,2,1.0,2,0.3703125
96,3,signflip,2,1.0,2,0.3420955882352941
96,4,signflip,2,1.0,2,0.36634290540540543
96,5,signflip,2,1.0,2,0.3783653846153846
96,6,signflip,2,1.0,2,0.3515625
96,7,signflip,2,1.0,2,0.3858333333333333
96,8,signflip,2,1.0,2,0.3900162337662338
96,9,signflip,2,1.0,2,0.3807565789473684
97,0,signflip,2,1.0,2,0.093017578125
97,1,signflip,2,1.0,2,0.04338235294117647
97,2,signflip,2,1.0,2,0.3715277777777778
97,3,signflip,2,1.0,2,0.36580882352941174
97,4,signflip,2,1.0,2,0.3576858108108108
97,5,signflip,2,1.0,2,0.3548076923076923
97,6,signflip,2,1.0,2,0.3546511627906977
97,7,signflip,2,1.0,2,0.43354166666666666
97,8,signflip,2,1.0,2,0.40117694805194803
97,9,signflip,2,1.0,2,0.36636513157894735
98,0,signflip,2,1.0,2,0.053955078125
98,1,signflip,2,1.0,2,0.052941176470588235
98,2,signflip,2,1.0,2,0.37743055555555555
98,3,signflip,2,1.0,2,0.3786764705882353
98,4,signflip,2,1.0,2,0.35916385135135137
98,5,signflip,2,1.0,2,0.36009615384615384
98,6,signflip,2,1.0,2,0.3481104651162791
98,7,signflip,2,1.0,2,0.421875
98,8,signflip,2,1.0,2,0.4257305194805195
98,9,signflip,2,1.0,2,0.38692434210526316
99,0,signflip,2,1.0,2,0.07763671875
99,1,signflip,2,1.0,2,0.056801470588235294
99,2,signflip,2,1.0,2,0.35086805555555556
99,3,signflip,2,1.0,2,0.37536764705882353
99,4,signflip,2,1.0,2,0.37690033783783783
99,5,signflip,2,1.0,2,0.3836538461538462
99,6,signflip,2,1.0,2,0.3640988372093023
99,7,signflip,2,1.0,2,0.401875
99,8,signflip,2,1.0,2,0.39042207792207795
99,9,signflip,2,1.0,2,0.4107730263157895
100,0,signflip,2,1.0,2,0.084716796875
100,1,signflip,2,1.0,2,0.04577205882352941
100,2,signflip,2,1.0,2,0.35885416666666664
100,3,signflip,2,1.0,2,0.36801470588235297
100,4,signflip,2,1.0,2,0.3762668918918919
100,5,signflip,2,1.0,2,0.39134615384615384
100,6,signflip,2,1.0,2,0.3475654069767442
100,7,signflip,2,1.0,2,0.39520833333333333
100,8,signflip,2,1.0,2,0.4153814935064935
100,9,signflip,2,1.0,2,0.3743832236842105
